headline, anger, disgust, fear, joy, sadness, surprise
"Test to predict breast cancer relapse is approved", 0, 0, 15, 38, 9, 11
"Two Hussein allies are hanged, Iraqi official says", 24, 26, 16, 13, 38, 5
"Sights and sounds from CES", 0, 0, 0, 17, 0, 4
"Schuey sees Ferrari unveil new car", 0, 0, 0, 46, 0, 31
"Closings and cancellations top advice on flu outbreak", 1, 0, 23, 8, 11, 8
"Trucks swallowed in subway collapse", 8, 0, 28, 0, 57, 7
"Sarkozy letter surprises French cartoons hearing", 0, 0, 0, 0, 0, 53
"Building a memorial to a son, one child at a time", 10, 0, 9, 22, 36, 3
"Lawmaker seeks iPod ban in crosswalks in New York", 11, 0, 0, 0, 4, 38
"Diabetic waits months for eyeglasses", 34, 11, 0, 0, 40, 13
"Sudan tells United Nations envoy to leave in 72 hours", 18, 0, 0, 0, 15, 59
"5000 years on but couple still hugging", 0, 0, 0, 53, 0, 65
"Defense to challenge Russert's credibility", 4, 5, 0, 0, 0, 19
"Ozzy, a Hero for the hard-rocking masses", 0, 0, 0, 37, 0, 4
"CIA leak trial summary", 9, 17, 2, 0, 4, 33
"Dance movie takes over No. 1", 0, 0, 0, 56, 0, 37
"Asian nations urge Myanmar reform", 0, 0, 0, 17, 0, 19
"After Iraq trip, Clinton proposes war limits", 8, 0, 8, 53, 13, 25
"7 dead in apartment building fire", 14, 2, 47, 0, 86, 10
"Male sweat boosts women's hormone levels", 0, 14, 0, 6, 0, 75
"Carphone Warehouse's mixed signals", 2, 2, 0, 0, 0, 10
"Democrats plot Bush troop increase censure", 19, 1, 1, 19, 9, 21
"Cisco sues Apple over iPhone name", 51, 7, 0, 0, 3, 27
"BB star Jackson denies Goody comments", 7, 8, 0, 0, 0, 2
"Inter Milan set Serie A win record", 2, 0, 0, 50, 0, 9
"US Airways boosts bid for Delta", 0, 10, 0, 18, 2, 26
"Press sees hope in Mecca talks", 0, 0, 0, 60, 3, 16
"Bears fan loses bet and changes name", 2, 13, 0, 2, 17, 33
"Global National	Major child porn ring bust", 46, 64, 0, 42, 31, 27
"'Human hair' clue in hunt for airliner", 0, 0, 0, 2, 0, 36
"Johnny Depp to make movie of spy poisoning", 0, 0, 0, 40, 8, 17
"Really?: The claim: the pill can make you put on weight", 0, 8, 0, 5, 0, 49
"5 money makeovers", 0, 0, 0, 31, 0, 8
"TBS to pay $2M fine for ad campaign bomb scare", 25, 32, 45, 11, 28, 43
"Stomp the Yard has winning moves in its weekend debut", 0, 0, 0, 68, 0, 13
"Discovered boys bring shock, joy", 0, 0, 3, 55, 0, 56
"Bernhard set to leave Volkswagen", 11, 0, 0, 0, 40, 22
"Pacers' Jackson misses gun hearing", 14, 10, 24, 2, 3, 21
"Cases: when the simple solution is the right one", 0, 0, 0, 15, 0, 12
"Two Muslim groups sue French newspaper International", 40, 8, 0, 7, 26, 36
"Golden Globes on their way", 0, 0, 0, 63, 0, 0
"At New OZZFEST, Freedom Ain't Free", 11, 0, 5, 6, 1, 18
"Federer handed tough Aussie draw", 0, 0, 0, 4, 8, 4
"Protesters end strike as Nepal PM concedes demands", 24, 0, 3, 48, 6, 18
"Turner pays for Boston bombing", 17, 0, 30, 2, 0, 16
"Two detained in body parts mailing", 4, 61, 30, 8, 14, 5
"Essay: about that mean streak of yours: psychiatry can do only so much", 8, 0, 6, 10, 20, 17
"Hussein's niece pleads for father's life", 18, 19, 17, 0, 53, 12
"Sarkozy heads for clash in cartoons row", 30, 13, 8, 0, 2, 9
"Global web of suspects in child-rape download", 55, 54, 0, 0, 36, 13
"Blake defeats Moya to retain title", 4, 0, 0, 33, 1, 2
"Storms kill, knock out power, cancel flights", 3, 9, 82, 0, 60, 0
"Aquarium puts ailing beluga whale to sleep", 1, 0, 0, 7, 67, 12
"Microsoft, Sony, we have a problem", 0, 0, 6, 0, 21, 26
"A police state? The issues", 15, 5, 46, 0, 8, 0
"Move to ban iPods from crossing the street", 17, 0, 0, 13, 11, 20
"India's Taj Mahal gets facelift", 0, 0, 0, 65, 0, 23
"Cheney to Congress: Can't run Iraq war by committee", 47, 4, 26, 0, 21, 6
"Ganguly handed India squad call-up", 4, 4, 6, 31, 5, 12
"Fortune: Looking beyond the iPhone", 0, 0, 0, 36, 0, 24
"Really?: The claim: the back seat of a car is the safest place to sit", 0, 0, 6, 23, 0, 44
"Vaccine mandate upsets legislators", 17, 8, 11, 13, 7, 5
"News analysis: Iranian boast is put to test", 17, 7, 28, 2, 1, 2
"Panel issues bleak report on climate change", 20, 15, 48, 0, 45, 0
"Virtual 'American Idol' hits right notes", 0, 0, 0, 44, 0, 25
"Iraq car bombings kill 22 People, wound more than 60", 32, 27, 84, 0, 95, 20
"'Stomp' steps to No. 1 at box office", 0, 0, 0, 60, 0, 19
"Google executive acts as goodwill envoy", 0, 0, 0, 50, 0, 29
"Filipino woman kidnapped in Nigeria", 32, 15, 77, 0, 50, 9
"Seahawks, Bears vie for shot at NFL title", 0, 0, 8, 32, 0, 5
"Brown not buried as estate issues loom", 6, 17, 0, 0, 41, 23
"Will Rob Cohen Direct Third 'Mummy'?", 0, 0, 0, 32, 0, 35
"EU will urge China to go green", 8, 0, 5, 34, 3, 12
"17th-Century Remedy; 21st-Century Potency", 0, 0, 0, 0, 0, 14
"Forecasters expect toasty 2007", 13, 0, 33, 20, 23, 16
"'Sunshine' Goydos wins Sony open", 0, 0, 0, 75, 0, 10
"Teacher charged with sex assault", 52, 87, 18, 0, 23, 25
"Merck: Gardasil may fight more strains", 9, 0, 19, 21, 14, 16
"Mountain glaciers melting faster, United Nations says", 15, 10, 49, 0, 41, 12
"Snow causes airport closures in Britain", 6, 0, 17, 0, 22, 13
"Bananaconda inventor is top poet of kids", 0, 0, 0, 63, 0, 24
"Shareholders sue Apple", 49, 0, 0, 0, 14, 15
"Israelis retaliate after attack by Lebanese Army", 48, 13, 53, 0, 40, 0
"Deadly bird flu confirmed in British Turkeys", 2, 1, 70, 0, 36, 24
"Too little sleep may mean too fat kids", 0, 12, 7, 0, 21, 57
"Bathing mom awakes to find baby dead", 2, 0, 32, 0, 93, 46
"Visitors to Eiffel Tower climb to record in 2006", 0, 0, 0, 43, 0, 40
"More sleep, healthier slimmer children ", 0, 0, 0, 47, 0, 56
"Queen battles Bond for Baftas", 2, 0, 11, 30, 2, 16
"Walters on Trump: 'Poor, pathetic man'", 23, 25, 0, 0, 28, 12
"Ice storm smacks roads, power", 7, 10, 75, 0, 29, 2
"Iran says it will strike US interests if Attacked", 52, 13, 67, 0, 22, 22
"Palestinian factions to resume talks", 0, 0, 0, 41, 2, 26
"Study: men's sweat triggers high sexual arousal in women", 0, 2, 0, 8, 0, 73
"Outcry at N Korea 'nuclear test'", 37, 2, 56, 0, 11, 6
"Russia plans major military build-up", 27, 15, 75, 17, 22, 22
"Archaeologists find remains of couple locked in a hug", 0, 0, 0, 43, 16, 79
"Stenson defends his title at Dubai", 0, 0, 0, 45, 0, 8
"Taking the plunge", 0, 0, 9, 0, 3, 2
"Updates on world's top stories", 0, 0, 0, 14, 0, 2
"Man rides stationary bike for 85 hours", 0, 0, 0, 18, 0, 87
"Ice storm coating Midwest", 14, 2, 51, 0, 25, 23
"A Mistrial for Lieut. Watada", 15, 15, 0, 0, 0, 15
"Iran warns will hit back at US if attacked", 58, 13, 59, 0, 23, 10
"ASEAN talks end on energy-security", 0, 0, 0, 11, 4, 0
"Iraqi death toll exceeded 34,000 in 2006, United Nations says", 27, 17, 33, 0, 96, 22
"Israel intensifies military flights over Lebanon", 29, 15, 60, 0, 40, 8
"New gadgets galore at tech show", 0, 0, 0, 43, 0, 27
"Another death at Georgia Aquarium", 0, 0, 17, 0, 79, 6
"US to urge Nato Afghan spring offensive", 42, 14, 54, 0, 33, 0
"UK letter bombs may be from extremist drivers", 44, 8, 78, 0, 38, 8
"Asia seeks breakthrough on North Korea", 17, 0, 14, 13, 0, 22
"Federer overcomes a ragged start", 0, 0, 0, 47, 2, 5
"Rowdy fans ejected from the Open", 21, 17, 4, 5, 17, 4
"Terai protesters hail 'historic' victory over government", 28, 0, 3, 36, 0, 26
"Anger at release of two held over beheading plot", 70, 25, 18, 0, 22, 10
"Bush adamant on troops to Iraq", 58, 16, 20, 0, 35, 0
"Bebe Neuwirth gets to 'wiggle again'", 5, 0, 0, 43, 0, 24
"Beckham to L.A.: For the game not fame", 0, 0, 0, 20, 0, 16
"Sleep more to fight childhood obesity", 0, 2, 12, 8, 0, 26
"Abbas rejects temporary state", 26, 9, 11, 2, 31, 18
"Investigation of child porn site hits 77 nations", 54, 73, 8, 4, 39, 17
"Sleuths close in on Odysseus home", 0, 0, 3, 23, 2, 26
"Variety: Johnny Depp to make movie of spy poisoning", 0, 2, 8, 13, 4, 19
"Ice storm cripples central U.S.", 23, 4, 46, 0, 44, 14
"Park stars as United maintain lead", 0, 0, 0, 43, 0, 9
"Prehistoric Romeo and Juliet discovered", 5, 0, 0, 62, 16, 72
"India's famous landmark gets facelift", 0, 0, 0, 50, 0, 26
"Joseph Wambaugh's new start", 0, 0, 0, 33, 0, 1
"Participant in water-drinking contest dies", 1, 0, 3, 0, 94, 30
"Apple drops bombshell with iPhone", 0, 0, 7, 37, 11, 38
"Bollywood's 'Brangelina' engaged", 0, 0, 0, 71, 1, 24
"Shiite fighters arrested in crackdown, Iraq says", 34, 16, 44, 27, 30, 17
"Rio De Janeiro journal: drawing lines across the sand, between classes", 16, 14, 2, 2, 26, 4
"Models' health guidelines -- will they help?", 0, 0, 7, 11, 6, 24
"Stepping back in time at ski resort", 0, 0, 0, 33, 1, 17
"Test cricketer jailed over killing", 32, 14, 22, 8, 37, 8
"Walnuts 'combat unhealthy fats'", 0, 4, 1, 37, 11, 35
"Apple to Vista upgraders: 'Wait'", 0, 0, 0, 1, 13, 22
"Injured Sarwan to miss one-dayers", 7, 4, 2, 0, 50, 8
"Firms on alert for letter bombs", 17, 9, 71, 0, 16, 16
"Studios sign off on movie downloads", 3, 0, 5, 6, 11, 16
"Asif returns with four-wicket haul", 0, 0, 0, 43, 0, 12
"Bush authorized Iranians' arrest in Iraq, Rice says", 47, 33, 19, 0, 38, 17
"Porn ring scandal reaches Australia", 46, 60, 6, 0, 43, 20
"Deputy health minister arrested in US-Iraqi raid", 16, 8, 17, 0, 58, 19
"Senator Carl Krueger thinks iPods can kill you", 6, 0, 33, 0, 25, 51
"Finally, Senate okays anti-terror bill Manila", 3, 0, 17, 42, 12, 4
"Somalia declares state of emergency", 10, 0, 80, 0, 29, 31
"Matt shines with his Alpine finish", 0, 0, 0, 72, 0, 3
"BP CEO Browne to step down in June", 6, 3, 0, 13, 37, 7
"An iPhone by any other name? Surely not", 0, 3, 0, 13, 0, 33
"Life in Gaza steadily worsens", 17, 13, 53, 0, 70, 0
"The energy challenge | Exotic visions: how to cool a planet (maybe)", 5, 3, 26, 18, 17, 36
"Easy ways to (really) save $400,000", 0, 0, 0, 45, 0, 31
"Shareholders sue Apple", 32, 6, 0, 0, 20, 10
"Findings: Can humanity survive? Want to bet on it?", 1, 0, 42, 1, 10, 27
"Iran steps up production of weapons-grade uranium", 28, 10, 79, 0, 27, 23
"Rig-threat cargo ship towed ashore", 0, 0, 37, 10, 19, 11
"Palestinians say clashes hurt their cause", 32, 2, 26, 0, 46, 8
"Male sweat can raise hormones", 0, 7, 0, 8, 0, 62
"Vital Signs: Hazards: Antidepressant linked to fractures in older people", 5, 0, 26, 0, 34, 55
"Peron held over '70s rights abuses", 31, 25, 8, 13, 45, 8
"Space life search turns to TV", 0, 0, 0, 18, 0, 33
"Super Bowl ads of cartoonish violence, perhaps reflecting toll of war", 16, 15, 25, 15, 45, 27
"YouTube told to drop celeb sex video", 7, 23, 9, 14, 15, 24
"Beckham & Posh and more athlete-celebrity couples", 0, 0, 0, 38, 0, 0
"City sets up ice storm shelters", 4, 0, 55, 24, 17, 3
"Libby prosecutors await judge's rulings", 0, 0, 16, 0, 19, 1
"Review: 'Alpha Dog' misses the point", 0, 3, 0, 0, 17, 4
"Republicans plan to block Iraq debate", 60, 17, 0, 0, 37, 7
"Mixed reaction to China's Africa push", 10, 2, 6, 0, 2, 24
"Snowed in the Canadian Rockies", 0, 0, 8, 21, 11, 6
"Skip the showers: male sweat turns women on, study says", 0, 12, 0, 12, 0, 69
"Gently Weeps' lyrics sheet up for sale", 0, 0, 1, 44, 8, 15
"Canete wins inaugural Joburg Open", 0, 0, 0, 70, 0, 7
"Rights group halts violent Nepal strikes", 25, 5, 36, 46, 22, 11
"Real suffer Carlos injury setback", 4, 0, 7, 0, 47, 13
"Astronaut may have buckled under stress", 0, 0, 21, 0, 43, 21
"Gunmen abduct Filipino woman in Nigeria", 32, 15, 58, 0, 51, 16
"NFL team's fan of the year: 'Flag Lady'", 0, 0, 0, 50, 0, 21
"No 10 rejects police state claim", 11, 0, 3, 0, 11, 22
"Malaysian AirAsia X to fly in July", 0, 0, 0, 39, 0, 14
"10 kidnapped at Nigeria oil base", 19, 7, 69, 0, 46, 8
"Guy sweat is babe magnet", 0, 6, 0, 29, 0, 69
"Township tourism booming in South Africa", 0, 0, 0, 82, 0, 32
"'Alpha Dog' misses the point", 0, 3, 0, 0, 17, 18
"Iran leader pays Nicaragua a visit", 3, 1, 13, 20, 14, 26
"'Grey's,' 'Pirates' lead People's Choice", 0, 0, 0, 38, 0, 6
"Terror network", 9, 0, 87, 0, 17, 0
"Now it's official: Iraq's a mess", 27, 39, 23, 2, 62, 19
"Snow brings travel misery to England", 3, 5, 28, 3, 63, 11
"James Brown's 5-year-old son left out of will", 7, 1, 16, 0, 33, 46
"Two men killed by London tube train", 6, 5, 41, 0, 79, 20
"US millions fail to buy influence in deadly Gaza power play", 18, 18, 23, 6, 43, 13
"PLO ministers agreed upon in Mecca", 0, 0, 8, 37, 0, 12
"Squadron apologies over 'friendly-fire' death", 13, 35, 26, 0, 49, 13
"New Orleans violence sparks tourism fears", 23, 0, 75, 0, 32, 8
"Friendly fire pilot 'experienced'", 3, 7, 32, 0, 14, 26
"SPACE.com: Black hole triplets spotted", 0, 0, 5, 4, 0, 62
"Vaccines: Mandate or choice?", 0, 0, 5, 1, 1, 6
"Congolese soldiers riot, loot over pay issue", 55, 17, 46, 0, 43, 0
"Commodities lead Europe higher", 0, 0, 0, 64, 0, 16
"Ingredient in male sweat raises women's hormone levels", 0, 12, 0, 17, 0, 54
"Goetschl ends Austrian win drought", 0, 0, 0, 56, 0, 6
"Doomsday Clock ticking away", 0, 0, 43, 19, 16, 0
"Troops massing around Somali town", 22, 0, 88, 0, 27, 0
"Tariq Ramadan has an identity issue", 0, 0, 2, 0, 2, 32
"Peretz orders IDF to respond with force to north border attacks", 52, 7, 50, 0, 27, 9
"Trains crash near Thai resort town", 2, 0, 62, 0, 90, 10
"Hamas, Fatah return to unity gov't talks in Mecca", 2, 0, 4, 37, 6, 25
"Pats' fourth-quarter rally finishes Chargers", 0, 0, 0, 35, 5, 6
"7 Die As US Helicopter Crashes in Iraq", 12, 4, 41, 0, 94, 4
"Millionaire secret Santa dies", 0, 0, 0, 2, 75, 14
"Morrissey may cheer up Eurovision", 0, 0, 2, 61, 0, 10
"Christian values guide Dungy and the Colts", 0, 0, 0, 27, 0, 13
"Israeli woman's tirade spurs PM outrage", 71, 29, 13, 0, 13, 2
"Passing exchange becomes political flashpoint", 4, 0, 4, 0, 3, 0
"Police probe 2 church fires half mile apart", 0, 2, 48, 0, 50, 6
"Italy to try US soldier for agent's Iraq death", 64, 7, 2, 8, 38, 10
"Depp to star in spy poisoning film", 0, 0, 10, 35, 10, 19
"'24's' Jack Bauer returns", 0, 0, 0, 40, 0, 3
"US Airways boosts bid for Delta", 0, 0, 0, 5, 5, 40
"Even before its release, world climate report is criticized as too optimistic", 28, 17, 33, 0, 22, 15
"Second hanging also went awry, Iraq tape shows", 19, 38, 27, 0, 54, 5
"Howell takes one shot lead in Sony Open", 0, 0, 0, 47, 0, 8
"Psych checks reviewed after astronaut's crack-up", 2, 0, 17, 2, 44, 31
"Pap Test, a mainstay against cervical cancer, may be fading", 3, 0, 35, 12, 36, 45
"Martins leads Newcastle fightback", 4, 0, 0, 29, 1, 6
"PS3 pricey but impressive", 0, 1, 0, 44, 0, 12
"Pluto's revenge: 'Word of the Year' award", 4, 1, 3, 49, 3, 4
"European Space Agency", 0, 0, 0, 2, 0, 0
"Hackers strike at key Internet servers", 38, 23, 36, 0, 18, 22
"Hussein co-defendants executed", 13, 19, 23, 5, 62, 2
"Memo from Frankfurt: Germany relives 1970s terror as 2 seek release from jail", 35, 15, 76, 0, 33, 5
"Blissing out in Ojai", 0, 0, 0, 63, 0, 0
"Houston, she's got some problems", 0, 0, 8, 0, 33, 15
"Amazon.com has 'best ever' sales", 0, 0, 0, 82, 0, 18
"Hackers attack root servers", 53, 26, 36, 0, 16, 19
"Video games can improve your vision", 0, 0, 1, 42, 0, 51
"Internet attacked! (Did anyone notice?)", 11, 17, 35, 0, 7, 54
"In Washington, contractors take on biggest role ever", 0, 1, 0, 25, 0, 29
"Floods force Malaysia evacuations", 5, 1, 77, 0, 79, 3
"On MySpace, girls seek friends, boys flirt", 0, 20, 4, 12, 1, 25
"Tests of drug to block H.I.V. infection are halted over safety", 11, 2, 48, 7, 39, 31
"Zoo polar bear to have root canal", 0, 0, 17, 10, 26, 26
"Europe take big Royal Trophy lead", 0, 0, 0, 55, 0, 12
"Israel to install cameras to show live Mughrabi footage", 1, 4, 8, 23, 12, 17
"'We lit our last candle yesterday'", 2, 0, 10, 0, 32, 0
"Google buys YouTube for $1.65bn", 0, 0, 0, 13, 0, 43
"PSP number one Sony platform in Japan", 0, 0, 0, 32, 0, 15
"England include Giles in WC squad", 0, 0, 0, 21, 0, 1
"Beckham 'won't play again for Real'", 0, 7, 0, 0, 29, 18
"Eight years for Damilola killers", 38, 23, 29, 35, 43, 3
"PC World editor slain at California home", 14, 10, 51, 0, 77, 4
"Hands on 'Doomsday Clock' move forward", 12, 7, 36, 17, 20, 10
"Zach Braff says he has 'mild depression'", 0, 0, 3, 0, 32, 8
"Investigation of child porn site hits 77 nations USA Today", 46, 58, 28, 0, 47, 32
"Science panel calls global warming unequivocal", 18, 0, 48, 17, 45, 6
"News Baby pandas! Baby pandas! Baby pandas!", 0, 0, 3, 70, 2, 29
"Get ready for the earnings", 0, 0, 0, 59, 0, 0
"Germany agonizes over a brain drain", 9, 0, 17, 0, 51, 2
"Iran and Nicaraguan leaders meet", 3, 2, 17, 22, 10, 12
"Secret hotels in Irish countryside", 0, 0, 2, 3, 0, 43
"Fine wines in British Columbia", 0, 0, 0, 19, 0, 3
"Philippine president welcomes Senate approval of anti-terror bill ", 2, 0, 10, 54, 4, 3
"Small jet crashes on takeoff, killing 2", 1, 0, 52, 0, 94, 3
"Bigger, more aggressive rats infesting UK", 4, 54, 56, 0, 9, 8
"Travel+Leisure: Next island hot spot: St. Lucia", 0, 0, 0, 57, 0, 0
"Real Mallorca rock leaders Sevilla", 0, 0, 0, 32, 0, 0
"Iran's boast on uranium enrichment is put to test", 8, 5, 62, 0, 3, 18
"Personal health: for teenagers, the car is the danger zone", 0, 2, 47, 0, 21, 27
"Bird watchers flock to see rare owl", 0, 0, 0, 49, 0, 37
"Eye on cosmos is lost to short circuit on hubble", 2, 0, 4, 1, 59, 8
"Too young for this: facing cancer under 40", 19, 0, 39, 0, 80, 22
"Unilever group names new chairman", 0, 0, 2, 29, 0, 6
"Minister slams airlines on carbon", 31, 5, 6, 0, 7, 0
"Rare optimism as North Korea talks reach crossroads", 2, 3, 5, 52, 29, 4
"Man beheaded in southern Thailand", 4, 23, 47, 0, 88, 9
"China's 'nightmare scenario'", 0, 0, 65, 0, 0, 16
"Annual diving contest in South Korea proves a chilly challenge", 0, 0, 10, 2, 0, 17
"Blair says he regrets delays in British soldier's inquest", 3, 5, 1, 10, 47, 0
"Iraqi forces detain official suspected in Shia conspiracy", 38, 3, 39, 31, 2, 7
"Wellcome awards anti-fat research", 2, 2, 2, 49, 0, 13
"Fingers crossed for North Korea", 1, 1, 8, 13, 6, 5
"No intention of war with Iran, US says", 4, 3, 9, 30, 1, 7
"What Newsom faces in aftermath of scandal", 10, 13, 20, 0, 10, 2
"Maggie Gyllenhaal's Globes babysitter: Mom", 0, 0, 0, 33, 0, 4
"As inflation soars, Zimbabwe economy plunges", 8, 7, 12, 0, 58, 0
"Pledge: I was abused in frat hazing", 22, 48, 27, 0, 34, 0
"Experts: Fear likely shackled boy", 0, 0, 57, 0, 26, 13
"What's behind the chopper crashes in Iraq", 9, 0, 51, 0, 38, 8
"Freed Muslim terror suspect says Britain is police state", 17, 21, 61, 0, 12, 0
"Blair apologises over friendly fire inquest", 6, 1, 12, 12, 43, 4
"Depp 'to make Litvinenko movie'", 0, 1, 3, 36, 1, 6
"Why gas follows oil up but not down", 7, 7, 5, 0, 6, 32
"'Cravings' still there, sez Tara", 0, 0, 0, 17, 8, 5
"Bill would strip convicted legislators of pensions", 26, 4, 4, 2, 27, 6
"Bears watch as lead slips away", 0, 4, 0, 0, 36, 0
"In clue to addiction, brain injury halts smoking", 0, 0, 11, 4, 15, 47
"In rigorous test, talk therapy works for panic disorder", 0, 0, 26, 55, 4, 34
"Rice: U.S. won't pull plug on Iraq", 8, 3, 0, 16, 7, 4
"On road to Kosovo independence, a warning: go slow", 9, 0, 32, 2, 9, 1
"Mistrial for officer who refused to go to Iraq", 21, 4, 13, 9, 27, 6
"Rebels to join Nepal parliament", 24, 0, 15, 20, 0, 38
"EMI warns on profits, boss goes", 5, 2, 20, 0, 17, 6
"Subway collapse caught on camera", 0, 0, 48, 0, 54, 23
"Stinky but true: men's sweat is made for love", 0, 18, 2, 22, 0, 57
"POLITICS-US: reprieve for officer who denounced Immoral War", 12, 14, 13, 31, 28, 13
"Hunters stalk world's tallest trees", 14, 0, 10, 14, 30, 10
"Fuel spill may lead to missing jet", 4, 0, 47, 7, 34, 12
"Sri Lanka floods displace 60,000", 14, 0, 39, 0, 80, 3
"Justin Timberlake, Cameron Diaz announce split", 0, 0, 12, 0, 76, 9
"Iran to hit US interests if attacked", 42, 3, 54, 0, 22, 7
"Israel says hopes to keep Lebanon border calm", 10, 4, 20, 39, 4, 15
"Cisco sues Apple over iPhone name", 48, 8, 10, 0, 11, 19
"Two Palestinians killed near fence", 20, 7, 38, 0, 87, 3
"EarthLink CEO dies at age 49", 0, 0, 13, 0, 88, 17
"A star dies, a family feud is born", 12, 20, 15, 18, 62, 4
"Carter was a disaster, said Ford", 40, 25, 0, 0, 36, 19
"Super Bowl MVP Manning insists he's one of the guys", 0, 0, 0, 9, 0, 6
"Personal health: the importance of knowing what the doctor is talking about", 0, 0, 14, 0, 9, 6
"Israel's Peretz urges halt to contentious Jerusalem construction", 34, 7, 19, 0, 24, 16
"Peter Jackson will never work for me again", 38, 22, 0, 0, 31, 9
"U.S. keeps Iran options open", 11, 8, 19, 28, 4, 9
"European shares hit fresh highs", 0, 0, 5, 59, 0, 15
"For women, nothing's like the smell of men's sweat", 0, 19, 0, 8, 0, 63
"Looking beyond the iPhone", 0, 0, 4, 11, 0, 14
"Freed kidnap suspect: my terror at police raid", 28, 0, 78, 8, 17, 15
"Far away, Super Bowl's losers will be champs", 0, 0, 0, 56, 15, 3
"Woman dies after water binge", 9, 3, 21, 0, 92, 36
"Mancuso sparks U.S. celebrations", 0, 0, 0, 72, 0, 17
"ASEAN urges North Korea resolution", 5, 0, 17, 13, 0, 9
"Late penalty costs Roma the points", 2, 0, 7, 0, 27, 12
"Mistrial declared in teacher-student rape case", 34, 46, 15, 0, 47, 33
"'Bookworm Adventures' wordsmith's joy", 0, 0, 0, 76, 0, 5
"Kylie's love split", 3, 0, 6, 5, 56, 3
"iPod good for video games", 0, 0, 0, 37, 0, 18
"Review: virtual 'American Idol' hits right notes", 0, 0, 0, 38, 0, 17
"Leo battles himself", 0, 0, 6, 27, 4, 19
"Attorneys point fingers in fight between Ryan O'Neal and son", 46, 15, 24, 0, 27, 4
"John Grisham set for court drama", 14, 5, 21, 0, 18, 20
"Bill Gates and Craig Mundie: vista is Secure, employees are not", 8, 0, 9, 0, 9, 22
"Iraqis fault delayed U.S. plan in attack", 34, 19, 29, 2, 17, 24
"Boy Scouts blamed for starting wildfire", 30, 7, 40, 0, 17, 18
"China urges UN action on N Korea", 26, 3, 31, 0, 0, 12
"Scorpion on a plane, a pantful of pain", 6, 2, 49, 0, 13, 14
"Male sweat boosts women's hormone levels", 0, 11, 0, 17, 0, 54
"Mbeki on the big visit from the Chinese", 0, 0, 3, 18, 0, 19
"French right nominates Sarkozy", 0, 0, 13, 25, 5, 7
"Israeli, Lebanese clash on border", 38, 10, 49, 0, 26, 4
"North Korea claims nuclear test", 29, 3, 63, 0, 19, 24
"Talks begin on Somalia peacekeepers", 7, 1, 12, 57, 12, 14
"Action games improve eyesight", 0, 0, 0, 33, 0, 47
"A small part of the brain, and its profound effects", 0, 0, 12, 1, 6, 24
"IDF shells Lebanese Army positions across northern border", 17, 11, 53, 0, 23, 4
"Thailand: missing 25 years after taking wrong bus", 5, 0, 11, 0, 48, 40
"Ballerina sparks anti-fascist row", 34, 17, 31, 17, 16, 24
"Internet boom in China is built on virtual fun", 0, 0, 4, 63, 0, 32
"Review: PS3 pricey but impressive", 0, 0, 0, 41, 5, 9
"Machinery orders drive Asia upward", 0, 0, 0, 52, 0, 15
"'Lost's' Fox: 'I'm a liar and a cheat'", 20, 47, 14, 0, 18, 22
"Russia to strengthen its military muscle", 8, 0, 60, 8, 14, 14
"At Libby trial, Russert of NBC gives and gets", 0, 0, 12, 0, 7, 7
"North Korea ready to discuss first steps to nuclear resolution", 3, 1, 38, 47, 2, 14
"Victim: Gunman bought drink after shooting", 18, 26, 26, 0, 30, 46
"Ferrer victorious in Spanish duel", 2, 0, 15, 70, 1, 13
"UK workers on alert for letter bombs", 6, 4, 92, 0, 18, 17
"Did NASA accidentally kill life on Mars?", 22, 17, 14, 0, 38, 62
"New vaccine for cervical cancer could prove useful in men, too", 0, 0, 21, 49, 17, 31
"Search on for victims of subway collapse", 3, 0, 31, 3, 88, 1
"Human error caused Helios crash", 15, 4, 28, 0, 74, 0
"US to prod NATO allies for more troops to defeat Taliban", 20, 15, 47, 0, 21, 0
"Microsoft supports OpenID authentication standard", 0, 0, 0, 22, 0, 6
"No buyer in sight for Napster", 0, 0, 7, 0, 25, 2
"Briefly: preloaded iPods, Wal-Mart movies, Apple stores", 0, 0, 0, 9, 0, 2
"China says rich countries should take lead on global warming", 12, 14, 10, 10, 20, 3
"North Korea may begin to dismantle nukes", 2, 0, 29, 52, 2, 17
"Tracking down hi-tech crime", 2, 12, 26, 38, 13, 7
"Barack Obama formally announces bid for president", 0, 2, 0, 21, 10, 4
"Kidnappers seize two in Nigeria", 28, 17, 68, 0, 38, 4
"Indonesia may sell, not give, bird flu virus to scientists", 17, 20, 35, 0, 29, 23
"Attack video saddens friendly fire widow", 13, 11, 16, 0, 80, 0
"Europe retain trophy with big win", 0, 0, 0, 75, 0, 11
"Cutting edge accessories for digital music players", 0, 0, 0, 37, 0, 17
"Ice storm descends on central U.S.", 3, 0, 58, 10, 13, 7
"Snow brings travel misery to England", 4, 13, 27, 0, 65, 4
"Indonesia flood forces 340,000 from homes", 2, 0, 37, 0, 89, 16
"Iraqi health minister seized in raid ", 24, 9, 30, 15, 37, 38
"Ice storm brings chaos in U.S.", 6, 2, 57, 0, 35, 14
"Stinky flower mystery solved", 0, 5, 0, 39, 1, 19
"Congressman rebukes U.S. allies for lack of support in Afghanistan ", 61, 15, 4, 0, 23, 0
"Roddick overcomes Federer in final", 0, 0, 0, 29, 0, 23
"Prehistoric Romeo and Juliet discovered", 0, 0, 5, 53, 3, 44
"Donald and Goydos share Sony lead", 0, 0, 0, 32, 0, 5
"U.S. and Iraqis are wrangling over war plans", 32, 0, 56, 0, 25, 17
"Sea search for missing Microsoft scientist", 0, 0, 29, 0, 48, 16
"Iran to Hit US Interests if Attacked", 30, 7, 60, 0, 17, 3
"Blair: Terror battle will be long", 22, 0, 62, 0, 34, 0
"Bear cub returned to the wilderness", 0, 0, 3, 54, 0, 12
"Carrefour sales growth falls short", 0, 0, 7, 0, 26, 10
"Allied with democrats, Lieberman easily aligns with Republicans", 5, 16, 0, 0, 17, 26
"In the Rockies, pines die and bears feel it", 12, 5, 22, 0, 45, 16
"Iran to strike US interests if attacked", 38, 7, 47, 0, 22, 4
"Nipple covers, other star secrets", 7, 29, 0, 2, 0, 21
"Apple: no iTunes for you if you have Vista!", 8, 5, 0, 0, 10, 37
"Smokestacks in a white wilderness divide Iceland", 0, 0, 9, 0, 34, 6
"That'll cost ya", 34, 0, 16, 0, 0, 2
"Botched hangings in Iraq speed sectarianism", 29, 10, 50, 4, 38, 6
"Male sweat raises female hormones", 0, 14, 0, 21, 0, 58
"7 GOP senators to force debate on troops in Iraq", 11, 4, 8, 27, 11, 13
"Bangladesh ends curfew amid unrest", 19, 0, 38, 43, 19, 15
"Italy's dispute with US over Iraq shooting", 65, 7, 13, 0, 16, 19
"Here come the Globes!", 0, 0, 0, 59, 0, 16
"Snow causes transport chaos in Britain", 5, 1, 35, 0, 41, 3
"Snow causes airport closures in Britain", 4, 0, 34, 0, 43, 5
"Second opinion: girl or boy? as fertility technology advances, so does an ethical debate", 9, 15, 15, 5, 14, 28
"Heavy snow causes travel chaos and shuts schools", 4, 0, 44, 9, 39, 19
"Barbaro's legacy: saving other horses", 0, 0, 6, 30, 22, 11
"Luxury digs in South Carolina's Lowcountry", 0, 0, 0, 28, 0, 10
"Dozens killed in Baghdad bombing", 17, 2, 67, 0, 92, 15
"Ice storms kill 21 across nation", 8, 0, 54, 0, 93, 16
"De Villiers takes over Dakar lead", 1, 0, 0, 42, 0, 10
"Vietnam becomes WTO's 150th member", 4, 4, 0, 47, 2, 5
"South African trio share advantage", 0, 0, 0, 39, 0, 8
"Observatory: poison begets poison", 10, 9, 27, 0, 26, 17
"Action intensity boosts vision", 0, 0, 0, 41, 0, 39
"Why the smell of a man's armpit is a turn-on", 0, 31, 0, 16, 0, 52
"Nokia 5300 Xpress Music", 0, 0, 0, 22, 0, 5
"Dell to cut bonuses, trim management", 0, 0, 12, 0, 41, 13
"Second drop in cancer deaths could point to a trend, researchers say", 0, 0, 9, 35, 5, 36
"TV game shows go interactive", 0, 0, 0, 33, 0, 6
"Boy missing since 2002 found alive", 0, 0, 10, 82, 17, 22
"US, North Korea signed nuclear memo", 0, 0, 28, 42, 0, 14
"Russia honors Sputnik designer", 0, 0, 0, 66, 0, 12
"In Kenya's capital, a sense that danger is ever stronger", 0, 0, 66, 0, 29, 20
"Bill, thanks for the RSA memories... and laughs", 0, 0, 0, 44, 4, 4
"Friendly fire pilot 'experienced'", 24, 7, 13, 0, 27, 21
"MySpace welcomes French friends", 0, 0, 3, 50, 0, 2
"Airlines: UK airport runway unsafe", 6, 2, 68, 0, 16, 16
"The amounts you have to pay for a bomb scare", 15, 24, 75, 0, 22, 6
"In Egypt, Rice speaks softly", 0, 0, 10, 11, 0, 9
"Weekly Nielsen Yvonne De Carlo, 'Munsters' star, dead", 9, 0, 16, 0, 74, 14
"Senate votes to revoke pensions", 13, 0, 18, 0, 35, 14
"EarthLink CEO dies at age 49", 0, 0, 15, 0, 87, 38
"Software giant SAP misses target", 0, 0, 10, 0, 45, 16
"Vital signs: mental abilities: folic acid may improve thinking skills", 0, 0, 0, 40, 0, 43
"De Villiers stretches overall lead", 0, 0, 0, 38, 0, 8
"Families celebrate return of sons", 0, 0, 2, 84, 6, 14
"China detains 2 after body parts found in mail", 6, 53, 72, 15, 21, 23
"North Korea ready to discuss nuke disarmament", 5, 0, 21, 42, 6, 17
"For women, nothing's like the smell of men's sweat", 0, 16, 0, 13, 0, 56
"Nadal wants Australian Open crown", 0, 0, 0, 21, 0, 0
"Beijing journal: Olympic construction unearths ancient treasure trove", 0, 0, 0, 47, 0, 34
"Chinese president arrives in Mozambique, African tour nearly over", 0, 0, 4, 33, 5, 16
"Reclusive 'Mockingbird' author attends show", 0, 0, 0, 18, 0, 6
"Asia near pact on energy, security", 0, 0, 3, 36, 0, 7
"Philippine anti-terror law delayed until June", 17, 0, 32, 0, 32, 13
"Ex-suspect slams anti-terror laws", 44, 15, 19, 15, 18, 20
"Study detects a gene linked to Alzheimer's", 0, 0, 18, 40, 23, 24
"Panda cub makes her debut", 0, 0, 0, 59, 0, 7
"Harris haul puts South Africa on top", 0, 0, 0, 61, 0, 10
"Weight-loss drug to be sold over the counter", 0, 0, 7, 33, 7, 16
"Beckham outlines reasons for move", 0, 0, 0, 12, 2, 7
"Study finds gritty air raises heart disease risk in older women", 0, 0, 30, 3, 23, 35
"Venezuela, Iran fight U.S. dominance", 60, 12, 24, 16, 17, 5
"'Housewives' star Marcia Cross on bed rest", 0, 0, 4, 0, 25, 16
"Blog: Here come the Globes!", 0, 0, 0, 49, 0, 11
"Greek police hunt embassy attackers", 48, 2, 22, 4, 13, 0
"Apple warns iTunes users to wait on Vista", 0, 0, 5, 0, 12, 21
"Tsunami fears ease after quake", 0, 0, 79, 13, 13, 0
"China considers Eurobond reserves", 0, 0, 7, 30, 0, 13
"Underarm bowls them over", 0, 5, 0, 6, 0, 14
"At least 130 die as blast levels Baghdad market", 24, 17, 69, 0, 90, 17
"New McCain team made attack ads he once faulted", 19, 13, 19, 0, 15, 16
"Deaths as bird flu flares in Asia", 0, 0, 79, 0, 60, 12
"Hamas, Fatah leaders pledge to meet until they reach agreement", 0, 0, 10, 50, 0, 15
"Officers had 'rapport' with alleged abductor", 35, 41, 16, 0, 23, 21
"No e-Book for Harry Potter VII", 2, 0, 3, 8, 37, 11
"Review: Nokia 5300 Xpress Music", 0, 0, 0, 20, 0, 4
"'Can't do this anymore'? Not Jack", 0, 0, 0, 3, 0, 11
"Black hole triplets spotted", 0, 0, 11, 17, 0, 42
"Israel weighs old city project webcast", 4, 0, 6, 13, 1, 23
"Indonesian bird flu deaths hit 61", 0, 0, 58, 0, 86, 16
"Somali refugees cut off from aid", 14, 0, 16, 1, 73, 15
"Microsoft downplays Vista speech-recognition hack", 3, 0, 7, 17, 11, 3
"Next island hot spot: St. Lucia", 0, 0, 0, 49, 0, 15
"Italy to hold no-show trial of Bronx GI in Iraq slay", 28, 21, 25, 17, 17, 15
"Rescued boys parents hail 'miracle'", 0, 0, 11, 73, 10, 17
"Canadians tracked in child porn ring", 50, 58, 18, 17, 19, 22
"Teen hacks Venezuelan government Web sites", 27, 0, 14, 0, 13, 44
"Russia plans new ICBMs, nuclear subs", 18, 0, 61, 0, 21, 15
"Gere cheers sex workers in AIDS fight", 1, 8, 10, 34, 7, 18
"Study: Male sweat causes female hormones to rise", 0, 11, 0, 17, 0, 59
"Collision on icy road kills 7", 4, 0, 47, 0, 85, 1
"Surprise: China cuts price of gas", 0, 0, 5, 54, 0, 42
"What the Godfather of Soul meant to me", 0, 0, 0, 15, 9, 0
"New Mars orbiter spots Pathfinder landing site", 0, 0, 0, 48, 0, 18
"Mass Venezuela opposition rally", 27, 0, 15, 14, 3, 16
"Glamour -- and 'Borat' -- at Golden Globes", 0, 6, 0, 60, 0, 13
"Terror officials see Al Qaeda chiefs regaining power", 13, 11, 86, 0, 16, 3
"Ivrea journal: In Italian town, a civics lesson from pelting neighbors", 0, 5, 0, 3, 0, 25
"Iraqi sunni lands show new oil and gas promise", 5, 7, 17, 48, 0, 21
"Princess and heir of Franz Ferdinand fights to repeal a law and gain a castle", 33, 3, 8, 39, 0, 16
"A film star in Kampala, conjuring aminos ghost", 0, 0, 29, 9, 0, 22
"Militants attack U.S. base in Iraq", 37, 9, 84, 0, 26, 2
"North Africa feared as staging ground for terror", 18, 17, 88, 0, 23, 7
"Iran says Sunnis, using Pakistan as base, planned fatal bombing", 19, 9, 83, 0, 16, 16
"Anglicans rebuke U.S. branch on same-sex unions", 23, 15, 12, 0, 17, 12
"Homemade bombs kill 65 on Indian train", 23, 10, 60, 0, 94, 21
"Al Qaeda chiefs are seen to regain power", 15, 8, 82, 0, 20, 6
"Chvez threatens to jail violators of price controls", 53, 1, 45, 5, 2, 13
"Bush declares Iran's arms role in Iraq is certain", 24, 3, 53, 0, 27, 14
"Accord on North Korea is announced", 0, 0, 5, 60, 0, 12
"U.S. says powerful Iraqi cleric is living in Iran", 9, 0, 40, 0, 6, 15
"Baghdad plan is a success, Iraq prime minister tells Bush", 14, 15, 17, 45, 16, 17
"Iraqi sunni lands show new oil and gas promise", 0, 5, 8, 49, 0, 12
"Dispute over Iraqi cleric, said to have gone to Iran", 29, 2, 28, 0, 2, 22
"Planning seen in Iraqi attacks on U.S. copters", 29, 2, 54, 0, 37, 27
"In the world of life-saving drugs, a growing epidemic of deadly fakes", 15, 16, 48, 15, 62, 34
"Basics: a mammal in winter with a furnace of her own", 0, 0, 0, 20, 0, 36
"Books on science: The problems in modeling nature, with its unruly natural tendencies", 0, 0, 7, 0, 8, 12
"Believing scripture but playing by science's rules", 0, 0, 0, 8, 0, 26
"A familiar and prescient voice, brought to life", 0, 0, 0, 64, 0, 18
"Findings : A cool $25 million for a climate backup plan", 15, 15, 16, 25, 16, 28
"Call it serendipity: a missing piece of Washington's war tent is found", 2, 0, 3, 52, 4, 37
"Free Will: Now you have it, now you don't", 4, 0, 14, 0, 16, 27
"Archaeologists find signs of early chimps' tool use", 0, 0, 2, 23, 0, 64
"Wizardry at Harvard: physicists move light", 0, 0, 2, 31, 0, 64
"The summit - a slap in the face of the Palestinians", 18, 34, 17, 0, 32, 9
"Moscow says Palestine-Israeli contacts key to Mideast peace", 4, 2, 4, 37, 17, 8
"Mideast summit edns with little progress", 8, 8, 9, 12, 36, 1
"India decries 'an act of sabotage'", 34, 12, 40, 0, 28, 20
"Pakistan-India peace talks planned despite bombings", 4, 4, 24, 58, 18, 22
"Czechs, Poles get missile warning", 11, 4, 68, 0, 6, 23
"Russia warns US against missile bases in East Europe", 48, 13, 53, 0, 0, 0
"Cheney starts visit to Japan, Australia", 0, 0, 0, 5, 0, 2
"China: Cheney shores up the trilateral alliance", 12, 12, 15, 24, 13, 3
"Iraq insurgents attack US base", 27, 3, 64, 0, 26, 9
"US soldiers die in day of violence", 32, 14, 28, 0, 89, 0
"Iraqi suicide attack kills two US troops as militants fight purge", 28, 16, 54, 0, 69, 8
"Iran reneges on nuclear payments to Russia", 21, 14, 30, 0, 6, 15
"Top Colombia official resigns", 4, 0, 11, 8, 31, 19
"Colombia FM resigns after relatives' arrests for militia links", 15, 12, 34, 14, 35, 31
"Foreign minister of Colombia quits in scandal", 7, 25, 14, 25, 21, 23
"New Zealand unlikely to allow crippled Japanese whaler", 11, 1, 5, 8, 35, 14
"Damaged Japanese whaling ship may resume hunting off Antarctica", 11, 10, 20, 30, 31, 12
"Japanese whaling ship won't accept help", 6, 18, 7, 0, 12, 15
"Iran top N-envoy heads for Vienna for nuke talks", 2, 0, 22, 29, 11, 11
"Victims of Air India still wait for justice", 49, 17, 15, 0, 54, 17
"Kanishka bombing case: Inquiry judge threatens to quit", 23, 25, 20, 0, 12, 13
"Judge threatens to shut down Air-India inquiry", 46, 2, 14, 0, 16, 11
"Royal rescues presidential hopes with commanding performance", 0, 0, 3, 42, 0, 20
"Royal seeks to revive French bid", 0, 0, 0, 16, 0, 3
"Sarkozy comfort zone offers a royal opportunity", 0, 0, 0, 41, 0, 14
"Hicks first in line for trial, Bush says", 9, 2, 12, 1, 12, 10
"Australia tells Bush to speed up Guantanamo trial", 26, 17, 19, 27, 20, 36
"Howard presses Bush on terror suspect", 15, 6, 48, 12, 14, 17
"France ends toxic alert at Canadian embassy in Paris", 0, 0, 36, 35, 0, 12
"Paris police investigate package at Canadian embassy", 6, 4, 37, 8, 12, 7
"False alarm at Canadian embassy in Paris", 2, 19, 23, 16, 3, 9
"Afghan forces retake town that was overrun by Taliban", 16, 7, 37, 44, 14, 18
"Taliban seize rural district in southwest as police flee", 27, 12, 51, 0, 41, 19
"Afghan poppy war alienates farmers", 10, 0, 33, 0, 43, 6
"Will North Korea honor pledge this time?", 0, 5, 12, 14, 1, 11
"Kim Jong-il bans Japanese cars in North Korea", 18, 15, 8, 0, 17, 35
"Iran vs. North Korea: not all enemies are equal", 26, 9, 24, 0, 12, 0
"Catholic archbishop outlines Anglican merger hopes", 0, 0, 0, 26, 0, 19
"Anglican and Catholic churches could merge", 0, 0, 0, 40, 0, 27
"US helicopter crash kills 8 troops in Afghanistan", 15, 15, 32, 0, 91, 2
"Eight US soldiers killed in Zabul helicopter crash", 15, 16, 18, 0, 90, 2
"Arroyo lauds passage of anti-terror bill", 2, 0, 8, 52, 1, 14
"House passes anti-terrorism measure Manila", 2, 2, 5, 49, 1, 15
"Livingstone's transport empire may extend", 0, 0, 9, 37, 0, 9
"London is pace-setter on congestion toll, says mayor", 5, 3, 7, 27, 10, 6
"Protest greets congestion charge's westward push", 16, 11, 9, 15, 8, 2
"Thailand attacks kill three, injure 70", 22, 10, 42, 0, 76, 16
"Thai Govt moves to smooth over relations with south", 0, 0, 2, 43, 2, 15
"Bombings say Muslim rebels won't negotiate", 48, 15, 49, 0, 26, 15
"Roots of autism more complex than thought", 0, 0, 15, 1, 25, 45
"Largest ever autism study identifies two genetic culprits", 0, 0, 12, 16, 21, 30
"Canadian breakthrough offers hope on autism", 0, 0, 6, 48, 10, 18
"Beware of peanut butter pathogens", 0, 0, 37, 6, 17, 16
"Experts offer advice on salmonella", 0, 0, 23, 24, 2, 4
"Experts issue new heart disease guidelines for women", 0, 0, 16, 37, 24, 16
"For women, aspirin a day could keep stroke away", 0, 0, 7, 41, 6, 21
"High cholesterol raises stroke risk healthy women", 0, 0, 45, 0, 17, 23
"Cooked chicken breasts join tainted-food recalls", 16, 4, 44, 30, 13, 21
"Ready to eat chicken breasts recalled due to suspected listeria", 16, 5, 52, 30, 16, 28
"Fully-cooked chicken strips recalled ", 10, 3, 19, 14, 16, 43
"Committee debates cancer vaccine plan", 3, 0, 10, 15, 11, 32
"Stop cancer with a shot", 0, 0, 4, 41, 9, 25
"1 mln birds to be vaccinated from bird flu near Moscow", 0, 0, 19, 42, 5, 34
"Thousands tested after Russian H5N1 outbreak", 0, 0, 61, 23, 26, 5
"Russian bird flu outbreak is deadly Asian strain", 0, 0, 71, 0, 18, 22
"Bernard Matthews to lay off up to 500 workers", 15, 10, 20, 0, 64, 38
"Matthews lays off 130 turkey workers", 13, 12, 17, 0, 53, 29
"Reopening bird flu-hitfactory ignores risks - poultryman", 28, 11, 51, 1, 16, 14
"Goodbye to girlhood", 0, 0, 7, 0, 21, 7
"Media cited for showing girls as sex objects", 50, 45, 12, 14, 29, 15
"Sexualisation 'harms' young girls", 23, 16, 11, 0, 19, 6
"A shot in the arm", 0, 0, 53, 0, 9, 3
"Thousands line up to get late flu shots", 2, 0, 41, 25, 6, 9
"King county offering some free flu vaccines", 0, 0, 9, 49, 5, 23
"Bush vows cooperation on health care", 0, 7, 10, 60, 10, 0
"Health returns as hot issue in '08 race", 0, 2, 8, 39, 3, 15
"Small-business owners find Bush health plan appealing", 0, 0, 0, 58, 0, 14
"Pediatricians say more cord blood is needed now", 0, 0, 23, 0, 12, 13
"Whether to save cord blood can be puzzle for parents", 0, 0, 13, 8, 0, 29
"Retinal implant helping blind people see again", 0, 0, 0, 80, 2, 24
"Indonesia will not share flu samples", 18, 18, 11, 0, 30, 39
"Health Canada issues advice on canned tuna", 0, 0, 26, 26, 0, 16
"Cholesterol link in diabetes study", 0, 0, 22, 13, 28, 23
"Pig cells hope for diabetes cure", 0, 0, 3, 35, 2, 38
"Sick hearts switch on a fetal gene", 0, 0, 14, 9, 25, 29
"Foetal mechanism helps heart failure", 0, 0, 22, 24, 15, 38
"Planned cesareans not risk-free, group warns", 0, 0, 61, 0, 15, 11
"Scientists tout cocoa's health benefits", 0, 0, 0, 60, 0, 20
"Feeding your brain: new benefits found in chocolate", 0, 0, 0, 70, 0, 35
"Some cocoa may improve brain blood flow", 0, 0, 0, 71, 0, 41
"Lawyer for deceased Nazi-era collaborator Papon vows to bury him ", 23, 12, 16, 16, 22, 10
"Cocoa could be antidote to age-related diseases, says new study", 0, 0, 2, 66, 2, 45
"China denies reports of North Korean apology", 13, 3, 11, 0, 20, 23
"Hungarian opposition calls for vote after violence escalates", 38, 17, 33, 0, 14, 7
"AU regrets Sudan's expulsion of UN envoy ", 16, 17, 10, 0, 39, 10
"Bush officials: no big move in Iraq plan ", 20, 13, 24, 0, 19, 0
"Opponent is put on the spot over remarks about Clinton", 4, 7, 0, 13, 0, 17
"House ethics panel talks to Hastert aide", 0, 0, 0, 29, 0, 12
"BellSouth says profit rises 30% on cingular earnings", 0, 0, 0, 57, 0, 15
"Enron boss gets 24-year sentence", 18, 18, 5, 14, 35, 17
"Sony apologizes for battery recall", 4, 8, 4, 20, 13, 10
"Google unveils do-it-yourself search engine", 0, 0, 0, 42, 0, 38
"Firefox 2.0 hits the Web", 0, 0, 0, 54, 0, 17
"Oracle World opens with Dell unveiling AMD-powered computers", 0, 0, 0, 56, 0, 22
"Seahawks' QB Hasselbeck out 2-4 weeks", 0, 0, 0, 6, 31, 10
"Marathon winner released from hospital ", 0, 0, 3, 63, 7, 4
"Punter charged with stabbing asks to live outside state", 46, 18, 17, 0, 25, 24
"Allmendinger joining Toyota team in NASCAR ", 0, 0, 0, 47, 0, 14
"Trying to assess the damage in Cleveland ", 0, 0, 6, 0, 38, 2
"Bryant's boot may have salvaged Bucs' season", 0, 0, 0, 39, 0, 17
"This week in auto racing October 27 - October 29", 0, 0, 0, 2, 0, 1
"Merriman violation stuns ex-teammate", 6, 13, 9, 0, 15, 35
"Bruce revells in upset", 14, 0, 0, 0, 14, 8
"Steelers' Roethlisberger has concussion", 0, 0, 4, 0, 62, 12
"Arthurs upsets Robredo in first round at the St. Petersburg Open", 10, 0, 0, 22, 15, 29
"Mbeki: 2010 World Cup Planning on Track", 0, 0, 0, 35, 0, 2
"Clinical Everton show Moyes means business", 0, 0, 0, 12, 0, 8
"MS Adds Office 2007 to Vista Coupon Program", 0, 0, 0, 42, 0, 22
"One search does not fit all", 0, 3, 0, 0, 9, 10
"Apple's dark secret? The 39% claim", 4, 0, 4, 0, 9, 23
"Bad weather cancels men's downhill", 0, 0, 5, 2, 51, 12
"Cool millions for YouTube founders", 0, 0, 0, 67, 0, 18
"London market a shopping, dining haven", 0, 0, 0, 49, 0, 4
"'Jackass' star marries childhood friend The secrets people reveal", 0, 0, 0, 52, 0, 29
"Audio Slide Show: A love story lasting 61 years", 0, 0, 0, 68, 0, 30
"Microsoft to release next generation phone", 0, 0, 0, 51, 0, 33
"Body Shop's Roddick has Hepatitis C", 0, 0, 18, 0, 48, 43
"Teen allegedly armed by mom turns self in", 8, 7, 38, 6, 25, 38
"Oxfam: action needed for Chad", 0, 0, 1, 11, 0, 8
"Violence continues at disputed holy site", 31, 2, 31, 0, 38, 2
"Storm leaves behind major travel troubles", 7, 0, 33, 0, 53, 6
"3 U.S. troops killed hunting weapons cache", 13, 2, 30, 0, 74, 1
"China's 'Friends' highlights Web freedoms", 4, 5, 6, 48, 8, 16
"NATO: Afghanistan peace 'by 2009'", 0, 0, 11, 67, 17, 19
"Alaska's northern lights captivate Japanese", 0, 0, 0, 52, 0, 28
"Smith can't be buried until hearing", 13, 16, 0, 0, 59, 21
"Spacewalker sets new U.S. record", 0, 0, 0, 67, 0, 23
"Fortune: India the Superpower? Think again", 0, 2, 12, 22, 8, 46
"Kerry blasts 'escalation of misguided war'", 44, 17, 29, 16, 28, 16
"Anna Nicole claimant: A prince of a guy?", 0, 0, 0, 1, 22, 27
"'Ronnie' and Eto'o hug and make up", 0, 0, 0, 52, 0, 8
"Best of the Chicago Auto Show", 0, 0, 0, 40, 0, 11
"'Grey's,' 'Betty,' 'Scrubs' get boost", 0, 0, 0, 51, 0, 11
"Massive mud traps dozens of families", 6, 0, 56, 0, 76, 32
"Edwards blogger quits, becomes journalistic martyr", 0, 0, 14, 8, 34, 40
"Town packs gym to mourn 10 killed in fire", 4, 0, 20, 0, 82, 10
"Spain ahead although Nadal is out", 0, 0, 7, 46, 7, 28
"ECB holds rates at 3.5 percent", 0, 0, 0, 18, 0, 5
"Iran rejects US claims of supplying weapons in Iraq", 27, 15, 34, 10, 18, 9
"Jakarta begins disinfection", 0, 0, 18, 44, 6, 11
"Rowling 'heartbroken,' 'euphoric' at 'Potter's' end", 0, 0, 2, 22, 44, 15
"Apple revs up Mac attacks on Vista", 5, 26, 5, 12, 11, 23
"Fear hinders black marrow donation", 0, 0, 51, 0, 42, 11
"Texan allegedly joined Somalia rebel plot", 45, 9, 19, 0, 30, 29
"U.S. to allow 7,000 Iraqi refugees", 4, 0, 12, 33, 14, 28
"Japan: Whaling activists 'terrorists'", 29, 22, 43, 12, 10, 5
"'Hannibal' bites the big one", 0, 2, 13, 5, 0, 28
"Women protest Pakistan demolition", 36, 26, 13, 0, 26, 31
"Wii news for gamers", 0, 0, 0, 43, 0, 32
"Democrats look beyond symbolic vote on Iraq", 6, 8, 6, 28, 3, 15
"Portugal to vote on abortion laws", 2, 8, 10, 20, 13, 24
"Frustration rises as North Korea nuclear talks stall", 32, 9, 40, 2, 27, 2
"Horse teeth give details of ancient big chill", 0, 0, 12, 13, 5, 61
"Scam lures victims with free puppy offer", 14, 22, 11, 3, 20, 33
"Two Koreas to resume talks", 1, 0, 5, 47, 4, 11
"Mickelson driving force at masters", 0, 0, 0, 28, 0, 9
"England opt for Bopara over Loye", 0, 0, 0, 15, 6, 15
"Create own 'Thrillville' for a wild ride", 0, 0, 5, 33, 0, 14
"Edwards' campaign blogger quits amid Catholic controversy", 6, 7, 10, 1, 18, 33
"Judge: Preserve Anna Nicole's body", 0, 8, 0, 0, 27, 26
"Dolphins, sea lions may report for duty soon", 0, 0, 1, 33, 2, 12
"Nasdaq-LSE battle nears deadline", 0, 0, 26, 8, 0, 13
"A personal plea for HPV vaccine plan", 0, 0, 13, 20, 19, 13
"U.S. opens door for Iraqi refugees", 2, 0, 19, 46, 10, 31
"Swiss plane crashes at Moscow airport", 7, 0, 31, 0, 82, 17
"Study: napping might help heart", 0, 0, 0, 57, 0, 30
"MySpace sales surging", 0, 0, 2, 59, 2, 19
"Telecoms giant slashes 12,500 jobs", 11, 0, 19, 0, 67, 24
"Air France KLM profit rises", 0, 0, 0, 59, 0, 15
"Uganda parliament votes to send troops to Somalia", 8, 1, 39, 16, 22, 13
"King and queen reign at British film awards", 0, 0, 0, 53, 0, 23
"Murphys rule box office with 'Norbit'", 0, 0, 0, 42, 7, 28
"Thousands rally in Lebanon", 23, 8, 45, 0, 19, 20
"Yahoo's mission quest", 0, 0, 0, 13, 0, 10
"Area should get 3-5 inches of snow today", 0, 0, 2, 28, 0, 16
"Miss Brazil wins lawsuit competition", 0, 0, 6, 58, 0, 21
"Snow wreaks havoc in East, Midwest", 3, 0, 44, 0, 54, 18
"The secrets people reveal", 0, 6, 6, 0, 0, 34
"Research supports medicinal marijuana", 0, 0, 3, 32, 4, 60
"All African amputee football games kick off", 3, 0, 3, 52, 17, 16
"Group: Video shows chopper go down", 9, 0, 26, 0, 60, 23
"Sale of Chrysler possible", 0, 0, 0, 35, 16, 19
"Russia condemns terrorist acts on buses outside Beirut", 37, 14, 43, 13, 47, 5
"Technology may save India's river dolphins", 0, 0, 5, 66, 12, 20
"Airbus A380 superjumbo takes off", 0, 0, 0, 59, 3, 17
"Naps are great for chaps", 0, 0, 0, 60, 0, 31
"Female astronaut sets record", 0, 0, 0, 67, 0, 21
"Corn stoves popping up in U.S. homes", 0, 0, 0, 13, 0, 37
"Iraq closes borders with Syria and Iran", 14, 12, 38, 0, 42, 24
"The troubling ending of 'The Departed'", 11, 2, 15, 0, 36, 27
"Vietnamese bank plans IPO listing", 0, 0, 0, 23, 0, 6
"Toyota's Scion parks in Second Life", 0, 0, 0, 17, 4, 18
"Obama will run in 2008", 0, 0, 0, 49, 0, 11
"'Cagney & Lacey' finally coming to DVD", 0, 0, 0, 47, 0, 22
"Merkel: Stop Iran", 25, 0, 50, 0, 12, 12
"Salt Lake City mall shooter was teenager", 14, 1, 19, 0, 54, 50
"Female astronaut sets record", 0, 0, 0, 68, 0, 35
"Oil holds at $58", 4, 0, 3, 12, 10, 10
"Obama announces presidential bid", 0, 0, 0, 37, 0, 28
"Tell your boss: Naps are good for you", 0, 0, 0, 40, 0, 36
"Serbia rejects United Nation's Kosovo plan", 28, 10, 12, 0, 23, 15
"Amish discuss shootings", 4, 1, 28, 0, 31, 10
"Jail me, I ate Ivory Coast chocolate", 1, 17, 1, 7, 0, 25
"Can North Korea be trusted?", 15, 14, 21, 0, 6, 8
"Tourism lags in Bush's hometown", 0, 0, 0, 0, 20, 14
"Astronaut's arrest tests NASA's mettle", 7, 0, 4, 0, 16, 50
"Man gets second chance at space ride", 0, 0, 6, 55, 0, 20
"Go ahead, take a nap, science says", 0, 0, 0, 39, 0, 40
"Weekly Nielsen will 'Lost' find its way back?", 0, 0, 11, 17, 9, 11
"Brith Airways baggage charges cause confusion", 5, 13, 4, 0, 14, 18
"Indonesian with bird flu dies", 0, 0, 45, 0, 73, 21
"St. Louis poised for entertainment upswing", 0, 0, 0, 54, 0, 15
"New York City may ban iPods while crossing street", 3, 0, 8, 25, 16, 28
"Boy allegedly told to kill by mom gives up", 21, 14, 9, 16, 56, 33
"Gray wolves off endangered list", 0, 0, 18, 55, 6, 12
"Vista's hyped security will be tested", 0, 0, 8, 9, 0, 1
"UK police slammed over terror raid", 23, 11, 48, 0, 15, 17
"Mogadishu residents flee blasts", 4, 0, 35, 8, 22, 14
"Bomb kills 18 on military bus in Iran", 2, 1, 65, 0, 85, 21
"'WarioWare,' Wii make perfect fit", 0, 0, 0, 27, 0, 12
"U.S. at odds with cleric's aide", 11, 2, 27, 0, 11, 8
"Desperate Iraqi mother relies on militia for help", 14, 3, 21, 0, 67, 21
"Full details of the EU report on Iran", 6, 0, 14, 12, 11, 16
"Singer on Cowell: Glad he was mean", 0, 4, 0, 20, 2, 8
"Jones faces Europe meetings snub", 4, 2, 6, 0, 21, 9
"Beckham goal helps Real snatch win", 0, 0, 0, 53, 0, 12
"Guinea: Plan offices close as country declares emergency", 0, 0, 43, 0, 17, 14
"Japan's economy grows", 0, 0, 0, 62, 0, 15
"United Nations peacekeepers raid Haitian slum", 3, 0, 7, 28, 22, 20
"Work starts on Arctic seed vault", 0, 0, 1, 45, 0, 21
"Social networking goes mobile", 0, 0, 0, 45, 0, 20
"Beauticians cut, curl, offer stroke-prevention info", 0, 0, 0, 40, 1, 29
"Siesta cuts risk of heart disease death, study finds", 0, 0, 6, 49, 3, 55
"Thomas Cook to merge with MyTravel", 0, 0, 0, 29, 0, 20
"Nap your way to a successful career", 0, 0, 0, 37, 0, 29
"Village buried by 100 inches of snow", 3, 0, 47, 1, 50, 21
"Oprah announces new book club pick", 0, 0, 0, 39, 0, 23
"The science of love ... and lust", 0, 1, 1, 23, 0, 8
"Northeaster cancels flights, shuts schools", 11, 1, 11, 0, 47, 20
"Napping may be good for your heart", 0, 0, 0, 51, 0, 35
"Ryan O'Neal injured son's girlfriend", 32, 1, 11, 0, 51, 32
"Chrysler's Valentine's Day massacre", 0, 13, 46, 2, 60, 22
"Madrid bombings trial begins", 1, 0, 46, 34, 36, 13
"Fight starts over HPV vaccine", 14, 22, 10, 14, 11, 11
"Autos drive European gains", 0, 0, 1, 48, 0, 19
"James Brown's partner can get her things", 0, 0, 2, 21, 6, 4
"Auto show canceled", 0, 0, 0, 2, 35, 17
"UK luxury maker Burberry: 'Made in China'?", 0, 1, 0, 0, 3, 30
"On-the-job naps might cut heart risk", 0, 0, 4, 43, 0, 42
"No. 1 Florida survives Rupp Arena, streak hits 16", 0, 0, 0, 39, 0, 6
"J.K. Rowling marks spot of 'Potter's' end", 0, 0, 2, 6, 36, 21
"Gronholm takes a commanding lead", 0, 0, 0, 37, 0, 6
"Howard slams Obama on Iraq policy", 29, 18, 9, 1, 8, 12
"Manila hints at ransom approval", 3, 1, 8, 0, 16, 11
"Champion Murray too good for Kim", 0, 4, 0, 8, 3, 7
"G7: Yen skates by, yuan singled out", 2, 0, 4, 8, 15, 6
"Gunman 'was Srebrenica survivor'", 4, 0, 19, 7, 17, 30
"Cutting through the clutter to get things done", 0, 3, 9, 21, 9, 14
"Mother: Lohan is doing 'great' in rehab", 2, 0, 10, 47, 17, 19
"Who's going to win at the Grammys?", 0, 0, 1, 31, 0, 20
"Libby defense upsets judge, rests", 9, 13, 7, 0, 12, 31
"Breakup rings find new homes", 0, 0, 2, 17, 31, 10
"Gronholm ahead as Solberg crashes", 0, 0, 0, 37, 11, 9
"'Norbit' a waste of Murphy", 0, 8, 0, 0, 20, 6
"Rocky start for Bangkok airport", 0, 0, 8, 19, 14, 20
"12 dead in Lebanese minibus bombings", 11, 0, 61, 0, 87, 9
"Sex torture claims hit Russia army", 25, 45, 21, 0, 35, 20
"Mega-marsupials once roamed Australia", 0, 0, 2, 7, 4, 52
"Rupert Murdoch's secret TiVo", 0, 0, 3, 3, 0, 23
"UPDATE 1-Plane crashes at Moscow airport, no passengers", 3, 0, 42, 16, 50, 29
"HPV vaccination stirs heated debate in America", 30, 0, 20, 6, 10, 38
"Court TV: Accused killer tells jury a love story", 8, 17, 16, 3, 14, 45
"Whistle-blowing Web site exposed", 0, 0, 7, 22, 7, 37
"Start late, retire rich", 0, 0, 0, 32, 1, 32
"Somali PM vows to bring Islamists to justice", 30, 17, 15, 18, 17, 4
"Swingers more common than most think", 0, 3, 5, 8, 11, 29
"Anna Nicole Smith fans mourn in cyberspace", 3, 0, 0, 0, 70, 7
"Antibiotic Ketek more dangerous than thought", 9, 0, 56, 0, 8, 44
"Time to book your cruise", 0, 0, 0, 45, 0, 19
"'Blazing Angels' for PS3 fails to soar", 0, 0, 12, 4, 42, 12
"North Korea aid demand stall talks", 7, 0, 12, 0, 29, 13
"Cartoon Network head steps down", 0, 0, 13, 4, 43, 28
"Malaysia aggressively wooing tourists", 1, 0, 4, 49, 0, 27
"Anna Nicole Smith's Bahamas home seized", 2, 5, 9, 1, 49, 19
"Andromeda involved in galactic collision", 0, 0, 19, 0, 27, 48
"Rwanda mulling 3-kid limit for families", 0, 0, 5, 36, 13, 32
"Wilkinson sets record in tame win", 0, 0, 0, 57, 0, 18
"Army engineers say dam safe", 0, 0, 12, 43, 0, 16
"France: Al Qaeda suspects arrested", 8, 4, 43, 31, 12, 17
"Utah gunman survived Srebrenica", 7, 9, 10, 15, 12, 13
"Creating a whole album in a month?", 0, 0, 0, 22, 0, 42
"India to test new nuclear missile", 10, 4, 71, 0, 24, 22
"G7 to China: Ease exchange rate grip", 4, 3, 10, 0, 13, 15
"Hatton hands back IBF title again", 2, 5, 0, 17, 16, 7
"Bernanke: Economy healthy, but...", 0, 0, 16, 8, 9, 12
"Mickelson, Sutherland share lead", 0, 0, 0, 37, 0, 6
"Napping is good for your heart, study finds", 0, 0, 0, 51, 0, 42
"Princess Masako author: No regrets", 0, 0, 0, 10, 3, 11
"Students use IM-lingo in essays", 0, 7, 8, 1, 10, 38
"Malaysia launches tourism campaign", 0, 0, 0, 54, 0, 27
"Study: Africa's Internet gap getting wider", 2, 0, 7, 0, 52, 12
"Travel chaos as heavy snow hits UK", 4, 7, 32, 0, 28, 20
"Paula Abdul: 'I have never been drunk'", 1, 4, 0, 6, 1, 24
"Salmonella outbreak traced to peanut butter", 4, 0, 70, 0, 16, 19
"Putin: U.S. force fostering nuke ambitions", 27, 0, 43, 0, 13, 11
"Nuke detectors to ring New York, official says", 0, 0, 45, 12, 8, 12
"Double bus-bombing kills three in Lebanon", 10, 0, 65, 0, 81, 20
"Davydenko out as seeds scattered", 0, 0, 2, 8, 16, 19
"Obama: I'm running for president", 0, 0, 0, 31, 0, 20
"Paterson boots Scotland to victory", 0, 0, 0, 58, 0, 9
"African-Americans are organ donors these days, but what about bone marrow?", 0, 0, 14, 13, 12, 25
"Study: On-the-job naps might help heart", 0, 0, 2, 44, 0, 40
"Guinea capital largely calm under curfew, marital law", 0, 0, 40, 21, 9, 20
"Bosses sleeping on idea of letting workers take naps", 0, 0, 3, 20, 10, 39
"Teacher's porn conviction sparks tech debate", 29, 42, 16, 0, 18, 30
"Singapore pampers its waterfront promenade", 0, 0, 0, 44, 0, 19
"Rwanda mulls three-child limit", 0, 0, 3, 24, 14, 32
"Samsung settles price-fixing lawsuit", 5, 5, 7, 29, 8, 13
"Radical cleric al-Sadr in Iran, U.S. insists", 14, 12, 35, 0, 18, 24
"Reports: Harvard set to name first female president", 0, 0, 0, 60, 4, 33
"Iraq unveils new security plans", 0, 4, 33, 15, 12, 34
"University offers support to New Orleans school", 0, 0, 0, 54, 0, 20
"Storm causes slick, icy roads", 2, 4, 39, 0, 21, 5
"South Korea fire kills 10 foreigners", 0, 1, 40, 0, 75, 27
"Prehistoric lovers found locked in eternal embrace", 0, 0, 0, 45, 12, 48
"Charts: Is your city lean or lethargic?", 0, 0, 4, 5, 4, 9
"Peru leader questioned in massacre probe", 28, 17, 19, 14, 30, 14
"U.S. commander: Iraq not hopeless", 7, 10, 12, 34, 12, 20
"Australian PM stands by Obama attack", 1, 8, 4, 16, 7, 15
"Mardi Gras rebound in the offing for New Orleans?", 2, 0, 3, 47, 3, 27
"Siestas may cut heart disease risk", 0, 0, 4, 54, 2, 30
"Oregon snorkeler mistaken for rodent, shot in face", 8, 0, 22, 0, 73, 26
"Petraeus takes command in Iraq", 11, 5, 21, 8, 5, 8
"6 dead after Utah Mall shooting rampage", 36, 0, 43, 0, 76, 22
"Sharks kill four people in 'dull' year", 3, 0, 41, 0, 67, 23
"Record-shattering day on Wall St.", 0, 0, 0, 52, 0, 29
"Comedian says government silences critics", 4, 11, 6, 7, 13, 11
"Rockers big winners at Brit Awards", 0, 0, 0, 64, 0, 13
"Samba school leader killed before Rio carnival", 13, 0, 34, 4, 83, 25
"Taiwan's 'Mr. Clean' indicted, steps down", 0, 8, 4, 12, 41, 26
"Woman fights to keep drunken driver in jail", 54, 15, 17, 25, 6, 19
"Al Qaeda group calls for attacks on U.S. oil", 49, 10, 78, 0, 15, 20
"Cousin: Gunman was Srebrenica survivor", 9, 2, 13, 15, 16, 13
"Turkmenistan votes for president", 0, 0, 0, 33, 0, 11
"Here is some advice to take to heart...", 0, 0, 0, 12, 0, 17
"10 don't-miss tax breaks", 0, 0, 4, 6, 2, 6
"Police break up Kosovo protests", 37, 0, 10, 20, 17, 10
"Messi makes Barcelona squad return", 0, 0, 0, 14, 13, 13
"Jump reported in accidental drug-overdose deaths", 3, 0, 21, 0, 77, 23
"Catania punished for fan violence", 27, 0, 11, 0, 44, 13
"Isinbayeva sets 20th world record", 0, 0, 0, 69, 0, 31
"Lawmakers blast FDA drug safety oversight", 31, 9, 15, 14, 26, 14
"Regular naps make hearts healthy", 0, 0, 2, 47, 0, 41
"Ice stops trolleys cold", 0, 0, 9, 0, 29, 0
"U.S. gunman 'was Srebrenica survivor'", 7, 9, 14, 12, 18, 27
"Outdated baby food found on shelves", 9, 37, 14, 0, 33, 21
"Tow truck drivers accused of stealing cars", 17, 28, 13, 0, 17, 11
"Bush: It's time for Congress to back energy plan", 7, 11, 15, 21, 13, 2
"UK soldiers cleared of Iraq abuse", 2, 10, 6, 33, 5, 12
"FDA revises label warnings on the antibiotic Ketek", 11, 5, 19, 34, 8, 17
"Toshiba Portege R400", 0, 0, 0, 7, 0, 7
"South Africa mourns Adelaide Tambo", 0, 0, 0, 0, 76, 7
"Evacuees can return home after plant blast", 6, 0, 14, 51, 16, 15
"Anna Nicole Smith's body lies in legal limbo", 0, 0, 0, 0, 68, 18
"Former teacher poses for Playboy", 4, 15, 0, 17, 12, 34
"France rejects Rwandan investigators", 30, 5, 13, 0, 25, 19
"A nap a day may keep the heart doctor away", 0, 0, 2, 40, 0, 44
"Higley, Gonzalez lead in Malaysia", 3, 4, 5, 25, 10, 12
"Grammys ready to name winners", 0, 0, 0, 40, 0, 18
"Pound will not drop Armstrong case", 9, 0, 4, 5, 3, 9
"Reunited Police to start world tour in May", 0, 0, 0, 39, 0, 7
"Turkmen acting leader sworn in as new president", 0, 0, 0, 33, 0, 13
"Allen and Okur get All-Star call", 0, 0, 0, 37, 0, 9
"Svindal claims are golden double", 0, 0, 0, 22, 0, 4
"Trolley Square shooting leaves 6 dead, including gunman", 12, 0, 57, 0, 87, 18
"Bridge blast stops I-95 traffic", 7, 0, 51, 0, 28, 24
"Mother, daughter stabbed near school", 5, 4, 49, 0, 74, 25
"Excerpt: Politicians and the press", 0, 11, 3, 0, 0, 0
"North Korea gets 'money and respect'", 1, 0, 2, 24, 2, 12
"Beyonce in a bikini as SI's swimsuit cover model", 4, 4, 2, 24, 5, 7
"Loving with all your ... brain", 0, 0, 0, 32, 0, 40
"Shoplifters' choice: Police or T-shirt of shame", 17, 21, 8, 11, 11, 32
"Cuban official: Web a 'wild colt'", 0, 0, 18, 0, 8, 9
"Slow 'Music and Lyrics'", 0, 0, 0, 20, 0, 6
"Mexican navy helps in hunt for U.S. engineer", 0, 0, 9, 36, 10, 17
"Smith baby may not be pot of gold", 0, 2, 3, 5, 19, 16
"Latest updates on world's top stories", 0, 0, 2, 0, 0, 2
"Beating leaves teen in coma", 44, 13, 31, 0, 82, 13
"Tiempo Libre has Grammy dreams", 0, 0, 0, 42, 0, 11
"GPS sneakers locate with press of a button", 0, 1, 0, 22, 0, 34
"Embattled Edwards blogger quits campaign", 2, 0, 0, 0, 20, 19
"Britons deported from Somalia held under Terrorism Act", 19, 15, 42, 0, 25, 14
"Updates on world's top stories", 0, 0, 2, 0, 0, 1
"Breast cancer drug promises hope", 0, 0, 10, 57, 8, 24
"Ancient coin shows Cleopatra was no beauty", 0, 0, 0, 0, 0, 60
"YouTube yields surprising payback", 0, 0, 0, 40, 0, 53
"Up to 22 inches of snow in forecast", 0, 0, 14, 4, 6, 48
"Werder make 10-man Ajax pay price", 0, 3, 0, 22, 3, 6
"EU condemns 'illegal' CIA flights", 45, 13, 15, 27, 25, 5
"Report links humans to global warming", 21, 12, 47, 0, 31, 8
"UN nuclear watchdog slashes Iran aid", 22, 8, 10, 11, 15, 13
"Survey: Tech a tool in teen dating abuse", 7, 23, 10, 6, 43, 18
"The breast cancer breakthrough saving 1000 women a year", 3, 0, 4, 55, 3, 39
"Tourist spot resists gravity, but not progress", 0, 0, 4, 8, 17, 3
"The NFL's 20 biggest potential free agents", 0, 0, 0, 28, 0, 9
"World tourism sets record in 2006", 0, 0, 0, 55, 0, 21
"BA to charge $470 for an extra bag", 17, 9, 11, 0, 15, 23
"Kuerten returns to winners' circle", 0, 0, 0, 41, 0, 17
"World's oldest newspaper now exists only online", 0, 0, 4, 26, 30, 33
"Japanese whaler afire in Antarctic", 8, 7, 13, 0, 40, 8
"EU document: Iranian bomb unstoppable", 12, 0, 60, 0, 28, 19
"U.S. urged to lead on 'green' actions", 3, 0, 9, 32, 9, 9
"See if your city is one of the United States' top 10 fittest or fattest", 5, 7, 13, 11, 11, 32
"Lee in pre-World Cup injury scare", 0, 0, 33, 0, 21, 6
"New cancer drug to save a thousand lives a year", 3, 0, 5, 65, 5, 42
"Ex-teacher guilty in nude-pictures scheme", 17, 68, 15, 0, 15, 30
"Fire extinguisher part of Tennessee execution kit", 8, 24, 12, 13, 12, 31
"Founder returns to Dell helm", 0, 0, 0, 38, 0, 23
"Charles Gibson takes over first place", 0, 0, 0, 43, 0, 16
"Ex-Border Patrol agent beaten in prison", 24, 9, 14, 0, 61, 25
"'Made in China' irks some Burberry shoppers", 30, 22, 0, 0, 10, 19
"Stonehenge workers' village found", 0, 0, 0, 17, 0, 55
"Who is Prince Frederic von Anhalt?", 0, 0, 0, 3, 0, 11
"Latest food-fad -- 'space potatoes'", 0, 5, 9, 1, 9, 30
"Ethiopia readies for millennium all its own", 3, 0, 11, 22, 12, 21
"Good news for slackers: Naps may cut risk for heart problems", 0, 0, 3, 50, 1, 42
"Snowbirds shortening their Florida stays", 5, 0, 9, 0, 26, 22
"Win a (concert) date with the Police", 0, 0, 10, 33, 6, 12
"Snow begins, heavy accumulations expected", 2, 0, 37, 4, 11, 11
"Jet flips in snowstorm, none dead", 0, 0, 30, 35, 29, 18
"Frantic 911 call in Ryan O'Neal case", 0, 0, 28, 0, 15, 30
"Durant's success trumps the Gators", 0, 0, 0, 43, 0, 8
"Scientist snoops in astronauts' journals", 4, 30, 9, 4, 8, 19
"YouTube founders split $650M payout", 0, 0, 0, 38, 0, 23
"African nation hopes Whoopi can help", 0, 0, 1, 35, 1, 12
"United hang on to six-point lead", 0, 0, 2, 29, 2, 7
"Lawyer seizes Smith's Bahamas home", 3, 0, 9, 0, 42, 11
"Was Prince's super show too revealing?", 0, 7, 11, 7, 4, 28
"Clijsters looks for a long goodbye", 0, 0, 6, 4, 33, 18
"Snow's too deep even for snowmobiles", 2, 2, 29, 0, 15, 40
"Study: Female seals picky about mates", 0, 0, 0, 5, 0, 39
"ROUNDUP: Protests erupt despite state of siege In Guinea", 42, 3, 35, 0, 20, 18
"Study: More kids exposed to online porn", 35, 64, 44, 0, 28, 12
"Beyonce new SI bikini cover girl", 0, 4, 2, 26, 5, 2
"Marijuana helps ease HIV nerve pain, study says", 0, 0, 9, 33, 12, 67
"Serena misses Bangalore tournament", 0, 0, 3, 0, 36, 11
"Dryer blamed for fire killing 39 cats, dogs", 10, 3, 11, 0, 74, 25
"Roddick, Murray score in San Jose", 0, 0, 0, 27, 0, 7
"Apple trademark dispute settled", 12, 0, 0, 32, 6, 10
"U.S. online love brokers eye China", 0, 5, 6, 1, 21, 18
"U.S. diverts troops to fight Taliban", 30, 0, 28, 15, 20, 17
"'House of Cards' actor Ian Richardson dead", 0, 0, 7, 0, 81, 7
"Taliban leader killed in airstrike", 3, 0, 22, 29, 53, 14
"Escape to Prague without the summer hordes", 0, 0, 0, 34, 0, 24
"Kathmandu: First snow in 63 years", 2, 2, 12, 4, 15, 77
"Nasdaq fails in bid for LSE", 0, 1, 3, 0, 41, 12
"Ex-pastor gets death sentence", 5, 6, 12, 0, 73, 44
"Baby born on turnpike after dad misses exit", 0, 0, 11, 34, 13, 57
"Study links chimps and 'hammers'", 0, 0, 0, 14, 0, 43
"UN-Google Earth map climate change", 10, 6, 14, 41, 17, 31
"Mortar assault leaves at least 18 dead", 22, 2, 60, 0, 64, 0
"Goal delight for Sheva", 0, 0, 0, 93, 0, 38
"Nigeria hostage feared dead is freed", 18, 0, 52, 66, 20, 65
"Bombers kill shoppers", 66, 39, 94, 0, 86, 0
"Vegetables, not fruit, slow brain decline", 0, 0, 25, 26, 2, 46
"PM: Havana deal a good experiment", 0, 0, 0, 34, 0, 28
"Kate is marrying Doherty", 0, 0, 0, 71, 0, 41
"NASA revisiting life on Mars question", 0, 0, 0, 23, 0, 32
"Happy birthday, iPod", 0, 0, 0, 71, 0, 3
"Alonso would be happy to retire with three titles", 0, 0, 0, 61, 24, 0
"Madonna's New Tot 'Happy at Home' in London", 0, 0, 0, 63, 0, 0
"Nicole Kidman asks dad to help stop husband's drinking", 14, 0, 20, 0, 28, 16
"United Finds Good Connection in Win", 0, 0, 0, 63, 0, 6
"'Runway': Making Good Without Making Nice", 0, 3, 0, 22, 0, 6
"We were 'arrogant and stupid' over Iraq, says US diplomat", 42, 30, 25, 23, 81, 45
"Bad reasons to be good", 9, 3, 0, 15, 25, 3
"Madonna's new baby's daddy didn't realize adoption was `for good'", 0, 0, 2, 9, 7, 62
"Women in their 60s 'are perfectly good mothers'", 19, 19, 23, 24, 26, 11
"We're a pretty kind 'bully'", 0, 0, 0, 13, 0, 0
"Moderate drinking reduces men's heart attack risk", 0, 4, 26, 52, 9, 16
"Tom Cruise and Katie Holmes set wedding date", 0, 0, 0, 60, 0, 10
"Kidnapped AP photographer freed in Gaza", 30, 28, 50, 49, 31, 37
"Bush Insists Troops Stay in Iraq, Predicts Midterm Victory", 34, 52, 46, 6, 39, 0
"Hurricane Paul Weakens To Tropical Storm", 0, 0, 34, 33, 0, 37
"UK announces immigration restrictions", 42, 40, 39, 0, 41, 16
"Three found alive from missing Russian ship -report", 0, 0, 28, 84, 13, 63
"Poison Pill to Swallow: Hawks Hurting After Loss to Vikes", 0, 8, 23, 0, 26, 0
"Injured Marathon Winner Leaves Hospital", 14, 11, 7, 67, 21, 0
"Hacker unlocks Apple music download protection", 21, 14, 12, 25, 0, 52
"Spanish journalist seized in Gaza", 61, 51, 65, 0, 52, 21
"Sudan urges UN to replace its special envoy", 12, 6, 0, 0, 0, 16
"Resolution approved for international games", 0, 0, 0, 45, 0, 15
"Pair of Satellites Will Document Sun in 3-D", 0, 0, 0, 43, 0, 32
"Martian Life Could Have Evaded Detection by Viking Landers", 5, 0, 0, 3, 5, 36
"The sweet tune of an anniversary", 0, 0, 0, 83, 0, 0
"Did Viking Probes Miss Life on Mars?", 11, 0, 6, 0, 10, 41
"Diplomat acknowledges US arrogance in Iraq", 45, 44, 0, 14, 18, 26
"More Human Remains Found at Ground Zero", 39, 22, 6, 0, 68, 27
"How to Prevent Iraq From Getting Even Worse", 31, 39, 67, 0, 33, 0
"Tensions as Hungary marks uprising", 25, 0, 32, 0, 32, 7
"Stanford study warns of Internet addiction", 0, 13, 23, 0, 9, 3
"No evidence of ice reserves on the moon", 0, 0, 0, 0, 16, 10
"A Picture and A Thousand Words", 0, 0, 0, 0, 0, 0
"Parachutist dies at bridge-jump festival", 6, 6, 33, 6, 88, 0
"US Troops Killed In October In Iraq", 46, 39, 41, 0, 77, 0
"Chefs not counting calories, study finds", 15, 0, 5, 0, 21, 0
"Deaths linked to flu vaccine", 34, 0, 48, 0, 71, 0
"Perfect lives lose their focus", 0, 0, 5, 34, 16, 6
"Bread-Heavy Diet Linked to Kidney Cancer", 1, 5, 55, 0, 42, 23
"Beating poverty in a small way", 0, 0, 8, 32, 28, 0
"Israel insists on Lebanon overflights", 39, 31, 4, 0, 33, 0
"Britain to restrict immigrants from new EU members", 7, 8, 7, 0, 4, 0
"Confusion Reigns In the Expanding Digital World", 3, 0, 0, 0, 0, 16
"Game on! London exhibition celebrates the history of video games", 0, 0, 0, 70, 0, 6
"Making peace from victory over poverty", 0, 0, 10, 63, 16, 0
"Marine killed in fighting west of Baghdad", 24, 0, 44, 0, 50, 0
"Scientists create first cloaking device", 0, 0, 0, 17, 0, 17
"Amateur rocket scientists reach for space", 0, 0, 0, 12, 0, 9
"Confusion Reigns In the Expanding Digital World", 6, 0, 6, 0, 6, 19
"Deaths linked to flu vaccine", 37, 9, 57, 0, 66, 21
"Israel admits using phosphorous shells in Lebanon", 54, 47, 6, 0, 59, 16
"4th person dies after receiving flu shot", 39, 0, 56, 0, 57, 0
"Police and shoppers targeted in growing Iraq violence", 45, 38, 75, 0, 53, 0
"Scientists discover miracle in the depths", 0, 0, 3, 21, 0, 47
"Doctors Seeing Patients Who Think They're Internet Addicted", 0, 0, 0, 9, 16, 12
"China launches two satellites into orbit", 0, 0, 0, 30, 0, 6
"Vegetables May Boost Brain Power in Older Adults", 0, 0, 5, 24, 0, 25
"Hurricane Paul nears Category 3 status", 0, 0, 68, 0, 23, 6
"Russian ship sinks, 18-member crew missing", 5, 0, 60, 0, 71, 0
"Iran's president urges higher birth rate", 0, 1, 0, 2, 0, 13
"Apple set for massive market gains", 0, 0, 0, 26, 0, 6
"Tumor Types May Explain Survival Rates for Cancer", 0, 0, 9, 14, 24, 6
"Routine mission turns into hunt for missing comrade", 3, 0, 16, 0, 26, 20
"Bad weather slows S.Korean search for Russian ship", 6, 16, 2, 0, 42, 0
"Tailors and housewives busy as Muslims celebrate Eid", 8, 0, 0, 54, 21, 0
"Active peace brings the promise of development", 0, 0, 0, 87, 0, 0
"Abbas condemns Israeli massacre in northern Gaza Strip", 70, 74, 70, 0, 51, 0
"Bangladesh ferry sinks, 15 dead", 24, 0, 16, 0, 85, 0
"Bucs find a new kick in life", 0, 0, 0, 20, 0, 17
"Google to unveil election mashup", 0, 0, 0, 10, 0, 16
"Police warn of child exploitation online", 52, 64, 50, 0, 43, 0
"Breast Cancer Awareness is Important", 0, 0, 31, 0, 12, 0
"Hungary police tackle violent protestors", 18, 0, 16, 3, 27, 0
"Three drivers had reason to be proud in Brazil", 0, 0, 0, 44, 0, 0
"Celebrities Protest Malibu Gas Facility", 25, 0, 0, 27, 27, 0
"Lebo: A life lived on the edge", 0, 0, 0, 0, 0, 0
"Presto! He's Batman, then magic man", 0, 0, 0, 30, 0, 34
"Heavy use of mobile phones can make men infertile, scientists say", 0, 0, 44, 0, 17, 35
"Russian ship sinks in Pacific", 9, 0, 23, 0, 66, 12
"China Successfully Launches Two Satellites", 0, 0, 0, 91, 0, 0
"Prestige has magic touch", 0, 0, 0, 31, 0, 0
"Lies, damned lies, and divorce", 43, 40, 10, 0, 50, 0
"Manning inspires Giants to victory in Dallas", 0, 0, 0, 44, 0, 0
"Riot warning for France suburbs", 46, 27, 31, 0, 53, 4
"Full recovery expected for marathon winner", 0, 0, 0, 89, 0, 13
"Sony apologises for global battery recall", 6, 0, 0, 0, 29, 0
"Questions on credit card safety", 1, 0, 5, 0, 5, 0
"Budapest calm after night of violent protests", 34, 2, 18, 18, 17, 0
"Vegetables May Boost Brain Power in Older Adults", 0, 0, 9, 38, 0, 6
"Report criticises US press freedoms", 25, 24, 6, 21, 13, 13
"French suburb riots could resume", 6, 0, 50, 0, 22, 0
"Photographer kidnapping condemned", 47, 55, 0, 21, 33, 3
"Photographer kidnapped in Gaza", 55, 56, 40, 0, 54, 24
"Baseball: Rogers enjoys his muddied streak", 0, 0, 0, 67, 0, 15
"Cultural revolutionary, the iPod is five", 0, 0, 0, 62, 0, 16
"Life on Mars? Maybe We Missed It", 0, 2, 0, 11, 3, 29
"Three found alive from missing Russian ship -report", 0, 0, 5, 75, 14, 57
"Moderate drinking reduces men's heart attack risk", 0, 0, 29, 38, 0, 0
"The sweet tune of an anniversary", 0, 0, 0, 86, 0, 0
"Inconvenient truths", 12, 3, 5, 0, 8, 3
"Dating difficult for Harry Potter", 4, 0, 0, 0, 0, 8
"Students lose their rite of passage", 0, 0, 0, 0, 25, 0
"Putin vows to tackle illegal immigration", 10, 7, 0, 0, 10, 3
"Ottawa must redefine 'terror'", 0, 0, 66, 0, 10, 0
"Britain to Limit Workers from Romania, Bulgaria", 5, 10, 22, 0, 10, 0
"Top General Optimistic on Iraq", 28, 30, 0, 27, 44, 0
"Kim Osorio Wins Sexual Harrassment Suit Against The Source", 8, 8, 0, 36, 3, 0
"Silly and substantial", 0, 1, 0, 2, 0, 0
"Official laughs for Borat", 24, 22, 0, 34, 25, 0
"Speaker Hastert testifies before panel probing sex scandal", 9, 18, 0, 0, 14, 0
"On Educating Sexes Separately", 0, 0, 0, 0, 0, 0
"Tom Cruise and Katie Holmes set wedding date", 0, 0, 0, 56, 0, 17
"Martian Life Could Have Evaded Detection by Viking Landers", 4, 0, 2, 0, 4, 24
"Ukraine gas deal marred by fears", 21, 20, 84, 0, 25, 0
"Marathon victory comes at heavy cost", 5, 0, 0, 38, 38, 0
"College tuition continues climbing", 54, 31, 3, 0, 40, 3
"German paper shows soldiers desecrating skull", 43, 66, 17, 0, 37, 0
"War is close, Ethiopia tells Somali rebels", 52, 33, 57, 12, 40, 0
"Advantage Cardinals with Suppan in Game 4", 0, 0, 0, 4, 0, 0
"NASA spacecraft to measure Sun", 0, 0, 0, 29, 0, 26
"Sony Hates Europeans, Will Prevent The Importing of PS3", 34, 8, 0, 0, 0, 22
"Flu Vaccine Appears Safe for Young Children", 0, 0, 6, 45, 0, 0
"Google To Launch Yet Another Search Tool", 0, 0, 0, 21, 0, 6
"Tropical Storm Paul's Outer Bands Hit Mexico's Baja California", 16, 0, 32, 0, 57, 0
"Israeli Bomblets Plague Lebanon", 54, 48, 67, 0, 39, 0
"New Indonesia Calamity, a Mud Bath, Is Man-Made", 54, 43, 43, 0, 43, 15
"U.S. Weighs Sanctions Against North Korea", 61, 32, 23, 0, 44, 0
"Rice, in Baghdad, Insists That Iraqis Are ", 37, 33, 26, 0, 33, 0
"Senator Says U.S. Should Rethink Iraq Strategy", 0, 0, 0, 30, 33, 33
"German Chief Forges Accord on Financing Health Care", 0, 0, 0, 33, 0, 15
"Turkish Writers Say Efforts to Stifle Speech May Backfire", 49, 11, 45, 8, 35, 0
"Kurdish Lawmaker Killed in an Attack in Baghdad", 52, 42, 75, 0, 59, 0
"Anti-U.S. Attack Videos Spread on the Internet", 63, 45, 58, 0, 54, 0
"Women Face Greatest Threat of Violence at Home, Study Finds", 51, 62, 57, 0, 58, 17
"Appeal by Chinese Researcher for Times May Soon Be Heard", 0, 0, 0, 8, 0, 1
"Brazil Air Force Cites Faults and Confusion in Fatal Crash", 15, 0, 43, 0, 68, 11
"A Mix of Oil and Environmentalism", 29, 29, 33, 0, 33, 0
"Immigrants and French Reach Deal in Standoff", 18, 0, 0, 50, 28, 0
"Genghis Khan Beer? Mongolia Grimaces", 20, 0, 0, 15, 0, 20
"Dead Bachelors in Remote China Still Find Wives", 0, 0, 0, 20, 14, 27
"Managua Journal: Hold the Mojito and Margarita, Nicaragua Has el Macu", 0, 0, 0, 0, 0, 0
"Paris Journal: Smoking No Longer Tres Chic in France", 0, 4, 0, 40, 2, 21
"An Old Letter Casts Doubts on Iran's Goal for Uranium", 0, 0, 25, 8, 0, 39
"U.S. Warns North Koreans About Nuclear Test", 23, 0, 47, 0, 39, 0
"Global Sludge Ends in Tragedy for Ivory Coast", 0, 0, 11, 4, 71, 0
"Equipment on Plane in Brazil Collision May Have Been Faulty", 49, 33, 46, 0, 67, 38
"New Indonesia Calamity, a Mud Bath, Is Man-Made", 59, 41, 6, 0, 62, 13
"Iraqi Journalists Add Laws to List of Dangers", 7, 0, 47, 0, 28, 13
"U.N. Force Is Treading Lightly on Lebanese Soil", 0, 0, 32, 24, 32, 0
"Cleric Said to Lose Reins Over Part of Iraqi Militia", 33, 33, 33, 0, 38, 9
"Citing Spy Agencies' Study, Democrats Seek Iraq Changes", 0, 0, 0, 33, 0, 36
"Opera Canceled Over a Depiction of Muhammad", 3, 0, 0, 0, 28, 0
"Military Officials Add to U.S. Criticism of Iraq's Government", 25, 2, 7, 30, 0, 26
"Teacher in Hiding After Attack on Islam Stirs Threats", 13, 2, 38, 0, 36, 0
"Combative Bush Releases Parts of Terror Study", 34, 17, 49, 0, 0, 21
"Growing Unarmed Battalion in Qaeda Army Is Using Internet to Get the Message Out", 39, 37, 56, 0, 35, 6
"Iraqi Linked to Sunni Bloc Is Held in Plot, Military Says", 32, 33, 41, 0, 31, 0
"Seduced by Snacks? No, Not You", 26, 30, 0, 4, 28, 0
"Friends for Life: An Emerging Biology of Emotional Healing", 0, 0, 0, 87, 0, 16
"Alzheimer's Drugs Offer No Help, Study Finds", 33, 0, 16, 0, 91, 47
"Across Europe, Worries on Islam Spread to Center", 10, 9, 19, 0, 43, 0
"Cooking Defines Sephardic Jews at Sukkot", 0, 0, 0, 49, 0, 0
"Fitness: Bodies in Motion, Clean and Sober", 0, 0, 0, 64, 0, 0
"In God's Name: Religion-Based Tax Breaks: Housing to Paychecks to Books", 0, 0, 0, 10, 0, 10
"Yankee Dies in Plane Crash, Official Says", 0, 0, 9, 0, 93, 0
"An Elephant Crackup?", 11, 0, 0, 14, 31, 0
"With YouTube, Grad Student Hits Jackpot Again", 0, 0, 0, 72, 0, 42
"Dow flirts with record highs again", 0, 0, 0, 67, 0, 51
"Tropical Storm Isaac forms in Atlantic", 0, 0, 86, 0, 10, 0
"New Iraq terror tape calls for abducting foreigners", 37, 35, 95, 0, 37, 0
"'Deep regret' for ex-HP exec", 0, 4, 0, 0, 40, 6
"'Opportunity' knocks on geologist's dream crater", 0, 0, 0, 13, 0, 3
"Squirrel jumps boy in park; rabies suspected", 28, 4, 61, 0, 28, 62
"Girl left comatose after dental visit dies", 39, 39, 62, 12, 66, 9
"Porn star candidate campaigns on campus", 31, 36, 0, 28, 33, 20
"School ends football season after 0-4 start", 0, 0, 0, 0, 5, 5
"Charlie Sheen to become highest-paid sitcom star", 3, 3, 0, 54, 0, 10
"Jon Stewart mocks benefits of CNN's I", 13, 13, 0, 0, 5, 21
"Ashton Kutcher tells secret to Ryan Seacrest", 0, 0, 0, 8, 0, 11
"Nails-on-chalkboard study earns Ig", 4, 20, 0, 3, 0, 10
"Gunman 'fine' before shooting", 6, 6, 6, 0, 22, 10
"Marijuana may stave off Alzheimer's", 0, 2, 0, 25, 0, 47
"Kentucky seeks alcohol huffing ban", 4, 4, 17, 32, 0, 25
"Toddler died from tainted spinach", 59, 26, 27, 0, 89, 22
"Judge dismisses Karr's porn case", 6, 6, 0, 3, 0, 13
"10 die in 22-hour Kashmir standoff", 50, 38, 62, 0, 54, 0
"Slain Amish girls laid to rest", 22, 7, 35, 0, 76, 0
"5,000 flee plant fire", 30, 0, 85, 0, 37, 0
"Cher auction fetches double pre-sale estimates", 0, 0, 0, 45, 0, 21
"Stars scuffle on 'Grey's Anatomy'", 15, 16, 0, 0, 0, 0
"Probe under way in Yankee crash", 2, 0, 14, 8, 55, 0
"Amish schoolhouse torn down", 29, 27, 37, 0, 73, 2
"Warner will not run in '08", 0, 0, 0, 0, 33, 3
"Reid land deal under scrutiny", 2, 0, 0, 0, 3, 5
"Flooding washes out road to Valdez, Alaska", 0, 0, 36, 0, 39, 10
"Briton admits U.S. bomb plot role", 23, 21, 28, 0, 33, 0
"Commentary: Minutemen have a right to be idiotic", 7, 0, 0, 2, 0, 0
"Madonna files adoption papers", 0, 0, 0, 30, 0, 16
"Gunmen kill 9 at Iraqi TV station", 28, 31, 69, 0, 58, 0
"Hastert sorry for scandal but not quitting", 4, 7, 0, 0, 27, 3
"Ex-JonBenet suspect: Child porn case dropped ", 5, 5, 0, 4, 0, 0
"Waste plant fire forces 5,000 to evacuate ", 26, 6, 30, 6, 66, 0
"Toddler died from E. coli tainted spinach ", 25, 26, 8, 0, 83, 0
"Disturbing finds in child sex raids ", 50, 59, 4, 0, 42, 0
"Magazine lists women who had abortions ", 40, 27, 0, 0, 33, 14
"Pot smokers may avoid Alzheimer's, study says ", 0, 0, 4, 10, 0, 66
"Student starts white men's club on campus ", 7, 29, 13, 0, 33, 19
"Kentucky wants to ban alcohol inhalers ", 0, 0, 8, 5, 0, 16
"Peter Pan flies into chapter two ", 0, 0, 0, 25, 0, 26
"Teen repellent inventor wins infamous prize ", 0, 20, 0, 41, 0, 17
"Cher's dress, car, bed have new owners", 0, 0, 0, 17, 0, 2
"Dow hits new record, eyes 12,000 ", 0, 0, 0, 49, 0, 0
"Ex-Virginia gov not running for president ", 0, 0, 0, 0, 0, 2
"Yankee pitcher's pilot log found ", 0, 0, 0, 0, 0, 9
"Dem leader's $1 million land deal under scrutiny ", 15, 10, 0, 6, 13, 11
"Dad locked up son, watched on TV, police say ", 4, 23, 0, 0, 28, 0
"Navarrette: Minutemen have a right to be idiotic ", 3, 0, 0, 6, 13, 5
"Pit bulls jump miniature pony, leave her bloody ", 4, 33, 26, 0, 37, 0
"Alaska town cut off from rest of state by flood ", 3, 0, 56, 0, 43, 0
"Trailblazing trio protects City by the Bay ", 0, 0, 0, 29, 0, 6
"Madonna files adoption papers in Malawi", 0, 0, 0, 44, 0, 17
"'Dr. McDreamy' choked in 'Grey's' scuffle ", 0, 0, 24, 0, 49, 20
"$10,000 poetry prize awarded ", 0, 0, 0, 86, 0, 11
"Las Vegas honour for tiger pair ", 0, 0, 0, 77, 0, 36
"UK characters boosting box office ", 0, 0, 0, 67, 0, 39
"Cher items snapped up at auction ", 0, 0, 0, 18, 0, 2
"Griffiths scorns Withnail 'play' ", 12, 35, 0, 4, 3, 0
"Lily Allen wins web music award ", 0, 0, 0, 93, 0, 17
"Costner appeals in casino wrangle", 55, 0, 0, 0, 15, 3
"Beyonce copyright claim rejected ", 10, 0, 0, 0, 0, 2
"Cohn gunman jailed for 36 years ", 13, 0, 10, 27, 21, 0
"Melua's deep sea gig sets record ", 0, 0, 0, 54, 0, 6
"Sri Lanka clashes kill 129 troops ", 21, 0, 26, 0, 75, 0
"Gunmen kill 11 in Iraq TV raid ", 50, 33, 43, 0, 76, 0
"Italy drops Sicily bridge plans ", 0, 0, 0, 0, 0, 45
"Amish killings school demolished ", 33, 33, 42, 0, 44, 33
"Pamuk wins Nobel Literature prize", 0, 0, 0, 89, 0, 10
"Madonna adoption bid approved ", 0, 0, 0, 48, 0, 29
"Man admits UK-US terror bomb plot", 33, 43, 61, 0, 33, 0
"Who are you calling fat?", 0, 16, 0, 0, 12, 0
